report_date,release_date,contract_code,market,mm_long,mm_short,mm_net
2010-01-05,2010-01-08,067651,"CRUDE OIL, LIGHT SWEET - NEW YORK MERCANTILE EXCHANGE",194643.0,39868.0,154775.0
2010-01-12,2010-01-15,067651,"CRUDE OIL, LIGHT SWEET - NEW YORK MERCANTILE EXCHANGE",217292.0,41673.0,175619.0
2010-01-19,2010-01-22,067651,"CRUDE OIL, LIGHT SWEET - NEW YORK MERCANTILE EXCHANGE",214738.0,37734.0,177004.0
2010-01-26,2010-01-29,067651,"CRUDE OIL, LIGHT SWEET - NEW YORK MERCANTILE EXCHANGE",179142.0,45987.0,133155.0
2010-02-02,2010-02-05,067651,"CRUDE OIL, LIGHT SWEET - NEW YORK MERCANTILE EXCHANGE",169012.0,47938.0,121074.0
2010-02-09,2010-02-12,067651,"CRUDE OIL, LIGHT SWEET - NEW YORK MERCANTILE EXCHANGE",153244.0,64423.0,88821.0
2010-02-16,2010-02-19,067651,"CRUDE OIL, LIGHT SWEET - NEW YORK MERCANTILE EXCHANGE",165827.0,45386.0,120441.0
2010-02-23,2010-02-26,067651,"CRUDE OIL, LIGHT SWEET - NEW YORK MERCANTILE EXCHANGE",180790.0,48286.0,132504.0
2010-03-02,2010-03-05,067651,"CRUDE OIL, LIGHT SWEET - NEW YORK MERCANTILE EXCHANGE",189727.0,45669.0,144058.0
2010-03-09,2010-03-12,067651,"CRUDE OIL, LIGHT SWEET - NEW YORK MERCANTILE EXCHANGE",202787.0,43387.0,159400.0
2010-03-16,2010-03-19,067651,"CRUDE OIL, LIGHT SWEET - NEW YORK MERCANTILE EXCHANGE",213617.0,43198.0,170419.0
2010-03-23,2010-03-26,067651,"CRUDE OIL, LIGHT SWEET - NEW YORK MERCANTILE EXCHANGE",202575.0,45000.0,157575.0
2010-03-30,2010-04-02,067651,"CRUDE OIL, LIGHT SWEET - NEW YORK MERCANTILE EXCHANGE",212058.0,42580.0,169478.0
2010-04-06,2010-04-09,067651,"CRUDE OIL, LIGHT SWEET - NEW YORK MERCANTILE EXCHANGE",235370.0,48638.0,186732.0
2010-04-13,2010-04-16,067651,"CRUDE OIL, LIGHT SWEET - NEW YORK MERCANTILE EXCHANGE",223408.0,47904.0,175504.0
2010-04-20,2010-04-23,067651,"CRUDE OIL, LIGHT SWEET - NEW YORK MERCANTILE EXCHANGE",212485.0,45466.0,167019.0
2010-04-27,2010-04-30,067651,"CRUDE OIL, LIGHT SWEET - NEW YORK MERCANTILE EXCHANGE",198047.0,51117.0,146930.0
2010-05-04,2010-05-07,067651,"CRUDE OIL, LIGHT SWEET - NEW YORK MERCANTILE EXCHANGE",206198.0,51216.0,154982.0
2010-05-11,2010-05-14,067651,"CRUDE OIL, LIGHT SWEET - NEW YORK MERCANTILE EXCHANGE",203191.0,69749.0,133442.0
2010-05-18,2010-05-21,067651,"CRUDE OIL, LIGHT SWEET - NEW YORK MERCANTILE EXCHANGE",191272.0,102858.0,88414.0
2010-05-25,2010-05-28,067651,"CRUDE OIL, LIGHT SWEET - NEW YORK MERCANTILE EXCHANGE",183241.0,107385.0,75856.0
2010-06-01,2010-06-04,067651,"CRUDE OIL, LIGHT SWEET - NEW YORK MERCANTILE EXCHANGE",179759.0,113931.0,65828.0
2010-06-08,2010-06-11,067651,"CRUDE OIL, LIGHT SWEET - NEW YORK MERCANTILE EXCHANGE",178229.0,110586.0,67643.0
2010-06-15,2010-06-18,067651,"CRUDE OIL, LIGHT SWEET - NEW YORK MERCANTILE EXCHANGE",177653.0,86387.0,91266.0
2010-06-22,2010-06-25,067651,"CRUDE OIL, LIGHT SWEET - NEW YORK MERCANTILE EXCHANGE",172121.0,93088.0,79033.0
2010-06-29,2010-07-02,067651,"CRUDE OIL, LIGHT SWEET - NEW YORK MERCANTILE EXCHANGE",168457.0,94241.0,74216.0
2010-07-06,2010-07-09,067651,"CRUDE OIL, LIGHT SWEET - NEW YORK MERCANTILE EXCHANGE",158544.0,103428.0,55116.0
2010-07-13,2010-07-16,067651,"CRUDE OIL, LIGHT SWEET - NEW YORK MERCANTILE EXCHANGE",170128.0,84166.0,85962.0
2010-07-20,2010-07-23,067651,"CRUDE OIL, LIGHT SWEET - NEW YORK MERCANTILE EXCHANGE",169153.0,71681.0,97472.0
2010-07-27,2010-07-30,067651,"CRUDE OIL, LIGHT SWEET - NEW YORK MERCANTILE EXCHANGE",169376.0,61660.0,107716.0
2010-08-03,2010-08-06,067651,"CRUDE OIL, LIGHT SWEET - NEW YORK MERCANTILE EXCHANGE",192383.0,58719.0,133664.0
2010-08-10,2010-08-13,067651,"CRUDE OIL, LIGHT SWEET - NEW YORK MERCANTILE EXCHANGE",186497.0,57595.0,128902.0
2010-08-17,2010-08-20,067651,"CRUDE OIL, LIGHT SWEET - NEW YORK MERCANTILE EXCHANGE",181310.0,72436.0,108874.0
2010-08-24,2010-08-27,067651,"CRUDE OIL, LIGHT SWEET - NEW YORK MERCANTILE EXCHANGE",176794.0,103319.0,73475.0
2010-08-31,2010-09-03,067651,"CRUDE OIL, LIGHT SWEET - NEW YORK MERCANTILE EXCHANGE",188932.0,117437.0,71495.0
2010-09-07,2010-09-10,067651,"CRUDE OIL, LIGHT SWEET - NEW YORK MERCANTILE EXCHANGE",187178.0,109633.0,77545.0
2010-09-14,2010-09-17,067651,"CRUDE OIL, LIGHT SWEET - NEW YORK MERCANTILE EXCHANGE",205423.0,91663.0,113760.0
2010-09-21,2010-09-24,067651,"CRUDE OIL, LIGHT SWEET - NEW YORK MERCANTILE EXCHANGE",196753.0,99820.0,96933.0
2010-09-28,2010-10-01,067651,"CRUDE OIL, LIGHT SWEET - NEW YORK MERCANTILE EXCHANGE",203694.0,96578.0,107116.0
2010-10-05,2010-10-08,067651,"CRUDE OIL, LIGHT SWEET - NEW YORK MERCANTILE EXCHANGE",233918.0,68805.0,165113.0
2010-10-12,2010-10-15,067651,"CRUDE OIL, LIGHT SWEET - NEW YORK MERCANTILE EXCHANGE",237596.0,62761.0,174835.0
2010-10-19,2010-10-22,067651,"CRUDE OIL, LIGHT SWEET - NEW YORK MERCANTILE EXCHANGE",223112.0,72431.0,150681.0
2010-10-26,2010-10-29,067651,"CRUDE OIL, LIGHT SWEET - NEW YORK MERCANTILE EXCHANGE",233907.0,67849.0,166058.0
2010-11-02,2010-11-05,067651,"CRUDE OIL, LIGHT SWEET - NEW YORK MERCANTILE EXCHANGE",249649.0,71897.0,177752.0
2010-11-09,2010-11-12,067651,"CRUDE OIL, LIGHT SWEET - NEW YORK MERCANTILE EXCHANGE",258393.0,69391.0,189002.0
2010-11-16,2010-11-19,067651,"CRUDE OIL, LIGHT SWEET - NEW YORK MERCANTILE EXCHANGE",242305.0,71913.0,170392.0
2010-11-23,2010-11-26,067651,"CRUDE OIL, LIGHT SWEET - NEW YORK MERCANTILE EXCHANGE",220089.0,93184.0,126905.0
2010-11-30,2010-12-03,067651,"CRUDE OIL, LIGHT SWEET - NEW YORK MERCANTILE EXCHANGE",223158.0,71093.0,152065.0
2010-12-07,2010-12-10,067651,"CRUDE OIL, LIGHT SWEET - NEW YORK MERCANTILE EXCHANGE",256833.0,65662.0,191171.0
2010-12-14,2010-12-17,067651,"CRUDE OIL, LIGHT SWEET - NEW YORK MERCANTILE EXCHANGE",249262.0,56214.0,193048.0
2010-12-21,2010-12-24,067651,"CRUDE OIL, LIGHT SWEET - NEW YORK MERCANTILE EXCHANGE",251181.0,56877.0,194304.0
2010-12-28,2010-12-31,067651,"CRUDE OIL, LIGHT SWEET - NEW YORK MERCANTILE EXCHANGE",258539.0,56318.0,202221.0
2011-01-04,2011-01-07,067651,"CRUDE OIL, LIGHT SWEET - NEW YORK MERCANTILE EXCHANGE",243095.0,67233.0,175862.0
2011-01-11,2011-01-14,067651,"CRUDE OIL, LIGHT SWEET - NEW YORK MERCANTILE EXCHANGE",253290.0,57635.0,195655.0
2011-01-18,2011-01-21,067651,"CRUDE OIL, LIGHT SWEET - NEW YORK MERCANTILE EXCHANGE",248173.0,56970.0,191203.0
2011-01-25,2011-01-28,067651,"CRUDE OIL, LIGHT SWEET - NEW YORK MERCANTILE EXCHANGE",217026.0,61539.0,155487.0
2011-02-01,2011-02-04,067651,"CRUDE OIL, LIGHT SWEET - NEW YORK MERCANTILE EXCHANGE",239160.0,62712.0,176448.0
2011-02-08,2011-02-11,067651,"CRUDE OIL, LIGHT SWEET - NEW YORK MERCANTILE EXCHANGE",230615.0,52183.0,178432.0
2011-02-15,2011-02-18,067651,"CRUDE OIL, LIGHT SWEET - NEW YORK MERCANTILE EXCHANGE",218807.0,55137.0,163670.0
2011-02-22,2011-02-25,067651,"CRUDE OIL, LIGHT SWEET - NEW YORK MERCANTILE EXCHANGE",249629.0,43606.0,206023.0
2011-03-01,2011-03-04,067651,"CRUDE OIL, LIGHT SWEET - NEW YORK MERCANTILE EXCHANGE",293884.0,25262.0,268622.0
2011-03-08,2011-03-11,067651,"CRUDE OIL, LIGHT SWEET - NEW YORK MERCANTILE EXCHANGE",301202.0,26967.0,274235.0
2011-03-15,2011-03-18,067651,"CRUDE OIL, LIGHT SWEET - NEW YORK MERCANTILE EXCHANGE",283647.0,32267.0,251380.0
2011-03-22,2011-03-25,067651,"CRUDE OIL, LIGHT SWEET - NEW YORK MERCANTILE EXCHANGE",281134.0,28916.0,252218.0
2011-03-29,2011-04-01,067651,"CRUDE OIL, LIGHT SWEET - NEW YORK MERCANTILE EXCHANGE",293308.0,31549.0,261759.0
2011-04-05,2011-04-08,067651,"CRUDE OIL, LIGHT SWEET - NEW YORK MERCANTILE EXCHANGE",296342.0,28803.0,267539.0
2011-04-12,2011-04-15,067651,"CRUDE OIL, LIGHT SWEET - NEW YORK MERCANTILE EXCHANGE",279198.0,27951.0,251247.0
2011-04-19,2011-04-22,067651,"CRUDE OIL, LIGHT SWEET - NEW YORK MERCANTILE EXCHANGE",296915.0,37904.0,259011.0
2011-04-26,2011-04-29,067651,"CRUDE OIL, LIGHT SWEET - NEW YORK MERCANTILE EXCHANGE",296609.0,33373.0,263236.0
2011-05-03,2011-05-06,067651,"CRUDE OIL, LIGHT SWEET - NEW YORK MERCANTILE EXCHANGE",295640.0,36972.0,258668.0
2011-05-10,2011-05-13,067651,"CRUDE OIL, LIGHT SWEET - NEW YORK MERCANTILE EXCHANGE",280900.0,47331.0,233569.0
2011-05-17,2011-05-20,067651,"CRUDE OIL, LIGHT SWEET - NEW YORK MERCANTILE EXCHANGE",249943.0,37935.0,212008.0
2011-05-24,2011-05-27,067651,"CRUDE OIL, LIGHT SWEET - NEW YORK MERCANTILE EXCHANGE",251438.0,38498.0,212940.0
2011-05-31,2011-06-03,067651,"CRUDE OIL, LIGHT SWEET - NEW YORK MERCANTILE EXCHANGE",246234.0,40407.0,205827.0
2011-06-07,2011-06-10,067651,"CRUDE OIL, LIGHT SWEET - NEW YORK MERCANTILE EXCHANGE",236116.0,57899.0,178217.0
2011-06-14,2011-06-17,067651,"CRUDE OIL, LIGHT SWEET - NEW YORK MERCANTILE EXCHANGE",240024.0,56911.0,183113.0
2011-06-21,2011-06-24,067651,"CRUDE OIL, LIGHT SWEET - NEW YORK MERCANTILE EXCHANGE",228586.0,66396.0,162190.0
2011-06-28,2011-07-01,067651,"CRUDE OIL, LIGHT SWEET - NEW YORK MERCANTILE EXCHANGE",223022.0,73018.0,150004.0
2011-07-05,2011-07-08,067651,"CRUDE OIL, LIGHT SWEET - NEW YORK MERCANTILE EXCHANGE",224114.0,64473.0,159641.0
2011-07-12,2011-07-15,067651,"CRUDE OIL, LIGHT SWEET - NEW YORK MERCANTILE EXCHANGE",228578.0,66290.0,162288.0
2011-07-19,2011-07-22,067651,"CRUDE OIL, LIGHT SWEET - NEW YORK MERCANTILE EXCHANGE",237123.0,65733.0,171390.0
2011-07-26,2011-07-29,067651,"CRUDE OIL, LIGHT SWEET - NEW YORK MERCANTILE EXCHANGE",244362.0,64349.0,180013.0
2011-08-02,2011-08-05,067651,"CRUDE OIL, LIGHT SWEET - NEW YORK MERCANTILE EXCHANGE",234663.0,77524.0,157139.0
2011-08-09,2011-08-12,067651,"CRUDE OIL, LIGHT SWEET - NEW YORK MERCANTILE EXCHANGE",227268.0,80156.0,147112.0
2011-08-16,2011-08-19,067651,"CRUDE OIL, LIGHT SWEET - NEW YORK MERCANTILE EXCHANGE",226918.0,78323.0,148595.0
2011-08-23,2011-08-26,067651,"CRUDE OIL, LIGHT SWEET - NEW YORK MERCANTILE EXCHANGE",218941.0,80170.0,138771.0
2011-08-30,2011-09-02,067651,"CRUDE OIL, LIGHT SWEET - NEW YORK MERCANTILE EXCHANGE",221311.0,65583.0,155728.0
2011-09-06,2011-09-09,067651,"CRUDE OIL, LIGHT SWEET - NEW YORK MERCANTILE EXCHANGE",224199.0,70072.0,154127.0
2011-09-13,2011-09-16,067651,"CRUDE OIL, LIGHT SWEET - NEW YORK MERCANTILE EXCHANGE",228362.0,59564.0,168798.0
2011-09-20,2011-09-23,067651,"CRUDE OIL, LIGHT SWEET - NEW YORK MERCANTILE EXCHANGE",217699.0,64824.0,152875.0
2011-09-27,2011-09-30,067651,"CRUDE OIL, LIGHT SWEET - NEW YORK MERCANTILE EXCHANGE",215424.0,73890.0,141534.0
2011-10-04,2011-10-07,067651,"CRUDE OIL, LIGHT SWEET - NEW YORK MERCANTILE EXCHANGE",211402.0,85309.0,126093.0
2011-10-11,2011-10-14,067651,"CRUDE OIL, LIGHT SWEET - NEW YORK MERCANTILE EXCHANGE",210780.0,63332.0,147448.0
2011-10-18,2011-10-21,067651,"CRUDE OIL, LIGHT SWEET - NEW YORK MERCANTILE EXCHANGE",219391.0,60870.0,158521.0
2011-10-25,2011-10-28,067651,"CRUDE OIL, LIGHT SWEET - NEW YORK MERCANTILE EXCHANGE",237254.0,53107.0,184147.0
2011-11-01,2011-11-04,067651,"CRUDE OIL, LIGHT SWEET - NEW YORK MERCANTILE EXCHANGE",229279.0,49434.0,179845.0
2011-11-08,2011-11-11,067651,"CRUDE OIL, LIGHT SWEET - NEW YORK MERCANTILE EXCHANGE",235730.0,47549.0,188181.0
2011-11-15,2011-11-18,067651,"CRUDE OIL, LIGHT SWEET - NEW YORK MERCANTILE EXCHANGE",230682.0,38886.0,191796.0
2011-11-22,2011-11-25,067651,"CRUDE OIL, LIGHT SWEET - NEW YORK MERCANTILE EXCHANGE",210899.0,44866.0,166033.0
2011-11-29,2011-12-02,067651,"CRUDE OIL, LIGHT SWEET - NEW YORK MERCANTILE EXCHANGE",212820.0,39425.0,173395.0
2011-12-06,2011-12-09,067651,"CRUDE OIL, LIGHT SWEET - NEW YORK MERCANTILE EXCHANGE",210754.0,36431.0,174323.0
2011-12-13,2011-12-16,067651,"CRUDE OIL, LIGHT SWEET - NEW YORK MERCANTILE EXCHANGE",219394.0,45013.0,174381.0
2011-12-20,2011-12-23,067651,"CRUDE OIL, LIGHT SWEET - NEW YORK MERCANTILE EXCHANGE",197370.0,46066.0,151304.0
2011-12-27,2011-12-30,067651,"CRUDE OIL, LIGHT SWEET - NEW YORK MERCANTILE EXCHANGE",210113.0,44608.0,165505.0
2012-01-03,2012-01-06,067651,"CRUDE OIL, LIGHT SWEET - NEW YORK MERCANTILE EXCHANGE",216478.0,46447.0,170031.0
2012-01-10,2012-01-13,067651,"CRUDE OIL, LIGHT SWEET - NEW YORK MERCANTILE EXCHANGE",213674.0,39589.0,174085.0
2012-01-17,2012-01-20,067651,"CRUDE OIL, LIGHT SWEET - NEW YORK MERCANTILE EXCHANGE",204567.0,40397.0,164170.0
2012-01-24,2012-01-27,067651,"CRUDE OIL, LIGHT SWEET - NEW YORK MERCANTILE EXCHANGE",211106.0,35729.0,175377.0
2012-01-31,2012-02-03,067651,"CRUDE OIL, LIGHT SWEET - NEW YORK MERCANTILE EXCHANGE",212097.0,39176.0,172921.0
2012-02-07,2012-02-10,067651,"CRUDE OIL, LIGHT SWEET - NEW YORK MERCANTILE EXCHANGE",211129.0,37660.0,173469.0
2012-02-14,2012-02-17,067651,"CRUDE OIL, LIGHT SWEET - NEW YORK MERCANTILE EXCHANGE",236010.0,33788.0,202222.0
2012-02-21,2012-02-24,067651,"CRUDE OIL, LIGHT SWEET - NEW YORK MERCANTILE EXCHANGE",247891.0,32089.0,215802.0
2012-02-28,2012-03-02,067651,"CRUDE OIL, LIGHT SWEET - NEW YORK MERCANTILE EXCHANGE",261729.0,33337.0,228392.0
2012-03-06,2012-03-09,067651,"CRUDE OIL, LIGHT SWEET - NEW YORK MERCANTILE EXCHANGE",255274.0,45739.0,209535.0
2012-03-13,2012-03-16,067651,"CRUDE OIL, LIGHT SWEET - NEW YORK MERCANTILE EXCHANGE",263258.0,51326.0,211932.0
2012-03-20,2012-03-23,067651,"CRUDE OIL, LIGHT SWEET - NEW YORK MERCANTILE EXCHANGE",251223.0,47532.0,203691.0
2012-03-27,2012-03-30,067651,"CRUDE OIL, LIGHT SWEET - NEW YORK MERCANTILE EXCHANGE",243905.0,46509.0,197396.0
2012-04-03,2012-04-06,067651,"CRUDE OIL, LIGHT SWEET - NEW YORK MERCANTILE EXCHANGE",227856.0,48355.0,179501.0
2012-04-10,2012-04-13,067651,"CRUDE OIL, LIGHT SWEET - NEW YORK MERCANTILE EXCHANGE",214984.0,56018.0,158966.0
2012-04-17,2012-04-20,067651,"CRUDE OIL, LIGHT SWEET - NEW YORK MERCANTILE EXCHANGE",206073.0,44749.0,161324.0
2012-04-24,2012-04-27,067651,"CRUDE OIL, LIGHT SWEET - NEW YORK MERCANTILE EXCHANGE",204591.0,40069.0,164522.0
2012-05-01,2012-05-04,067651,"CRUDE OIL, LIGHT SWEET - NEW YORK MERCANTILE EXCHANGE",225381.0,39280.0,186101.0
2012-05-08,2012-05-11,067651,"CRUDE OIL, LIGHT SWEET - NEW YORK MERCANTILE EXCHANGE",195203.0,66060.0,129143.0
2012-05-15,2012-05-18,067651,"CRUDE OIL, LIGHT SWEET - NEW YORK MERCANTILE EXCHANGE",188810.0,65194.0,123616.0
2012-05-22,2012-05-25,067651,"CRUDE OIL, LIGHT SWEET - NEW YORK MERCANTILE EXCHANGE",183591.0,61880.0,121711.0
2012-05-29,2012-06-01,067651,"CRUDE OIL, LIGHT SWEET - NEW YORK MERCANTILE EXCHANGE",187561.0,61323.0,126238.0
2012-06-05,2012-06-08,067651,"CRUDE OIL, LIGHT SWEET - NEW YORK MERCANTILE EXCHANGE",186853.0,66943.0,119910.0
2012-06-12,2012-06-15,067651,"CRUDE OIL, LIGHT SWEET - NEW YORK MERCANTILE EXCHANGE",178293.0,68715.0,109578.0
2012-06-19,2012-06-22,067651,"CRUDE OIL, LIGHT SWEET - NEW YORK MERCANTILE EXCHANGE",172770.0,71222.0,101548.0
2012-06-26,2012-06-29,067651,"CRUDE OIL, LIGHT SWEET - NEW YORK MERCANTILE EXCHANGE",172034.0,72269.0,99765.0
2012-07-03,2012-07-06,067651,"CRUDE OIL, LIGHT SWEET - NEW YORK MERCANTILE EXCHANGE",182356.0,68458.0,113898.0
2012-07-10,2012-07-13,067651,"CRUDE OIL, LIGHT SWEET - NEW YORK MERCANTILE EXCHANGE",180109.0,72389.0,107720.0
2012-07-17,2012-07-20,067651,"CRUDE OIL, LIGHT SWEET - NEW YORK MERCANTILE EXCHANGE",182324.0,67095.0,115229.0
2012-07-24,2012-07-27,067651,"CRUDE OIL, LIGHT SWEET - NEW YORK MERCANTILE EXCHANGE",186661.0,62528.0,124133.0
2012-07-31,2012-08-03,067651,"CRUDE OIL, LIGHT SWEET - NEW YORK MERCANTILE EXCHANGE",185696.0,65838.0,119858.0
2012-08-07,2012-08-10,067651,"CRUDE OIL, LIGHT SWEET - NEW YORK MERCANTILE EXCHANGE",202071.0,51301.0,150770.0
2012-08-14,2012-08-17,067651,"CRUDE OIL, LIGHT SWEET - NEW YORK MERCANTILE EXCHANGE",191827.0,52760.0,139067.0
2012-08-21,2012-08-24,067651,"CRUDE OIL, LIGHT SWEET - NEW YORK MERCANTILE EXCHANGE",207308.0,45428.0,161880.0
2012-08-28,2012-08-31,067651,"CRUDE OIL, LIGHT SWEET - NEW YORK MERCANTILE EXCHANGE",214786.0,39677.0,175109.0
2012-09-04,2012-09-07,067651,"CRUDE OIL, LIGHT SWEET - NEW YORK MERCANTILE EXCHANGE",216183.0,39146.0,177037.0
2012-09-11,2012-09-14,067651,"CRUDE OIL, LIGHT SWEET - NEW YORK MERCANTILE EXCHANGE",218695.0,33468.0,185227.0
2012-09-18,2012-09-21,067651,"CRUDE OIL, LIGHT SWEET - NEW YORK MERCANTILE EXCHANGE",230043.0,37569.0,192474.0
2012-09-25,2012-09-28,067651,"CRUDE OIL, LIGHT SWEET - NEW YORK MERCANTILE EXCHANGE",205884.0,51782.0,154102.0
2012-10-02,2012-10-05,067651,"CRUDE OIL, LIGHT SWEET - NEW YORK MERCANTILE EXCHANGE",201089.0,59762.0,141327.0
2012-10-09,2012-10-12,067651,"CRUDE OIL, LIGHT SWEET - NEW YORK MERCANTILE EXCHANGE",199014.0,64014.0,135000.0
2012-10-16,2012-10-19,067651,"CRUDE OIL, LIGHT SWEET - NEW YORK MERCANTILE EXCHANGE",204545.0,63733.0,140812.0
2012-10-23,2012-10-26,067651,"CRUDE OIL, LIGHT SWEET - NEW YORK MERCANTILE EXCHANGE",196929.0,83990.0,112939.0
2012-10-30,2012-11-02,067651,"CRUDE OIL, LIGHT SWEET - NEW YORK MERCANTILE EXCHANGE",190172.0,92209.0,97963.0
2012-11-06,2012-11-09,067651,"CRUDE OIL, LIGHT SWEET - NEW YORK MERCANTILE EXCHANGE",188831.0,89991.0,98840.0
2012-11-13,2012-11-16,067651,"CRUDE OIL, LIGHT SWEET - NEW YORK MERCANTILE EXCHANGE",170660.0,91453.0,79207.0
2012-11-20,2012-11-23,067651,"CRUDE OIL, LIGHT SWEET - NEW YORK MERCANTILE EXCHANGE",176931.0,86381.0,90550.0
2012-11-27,2012-11-30,067651,"CRUDE OIL, LIGHT SWEET - NEW YORK MERCANTILE EXCHANGE",180902.0,82686.0,98216.0
2012-12-04,2012-12-07,067651,"CRUDE OIL, LIGHT SWEET - NEW YORK MERCANTILE EXCHANGE",187019.0,74822.0,112197.0
2012-12-11,2012-12-14,067651,"CRUDE OIL, LIGHT SWEET - NEW YORK MERCANTILE EXCHANGE",181172.0,97660.0,83512.0
2012-12-18,2012-12-21,067651,"CRUDE OIL, LIGHT SWEET - NEW YORK MERCANTILE EXCHANGE",184629.0,81606.0,103023.0
2012-12-24,2012-12-28,067651,"CRUDE OIL, LIGHT SWEET - NEW YORK MERCANTILE EXCHANGE",185839.0,68358.0,117481.0
2012-12-31,2013-01-04,067651,"CRUDE OIL, LIGHT SWEET - NEW YORK MERCANTILE EXCHANGE",188972.0,52499.0,136473.0
2013-01-08,2013-01-11,067651,"CRUDE OIL, LIGHT SWEET - NEW YORK MERCANTILE EXCHANGE",202209.0,41045.0,161164.0
2013-01-15,2013-01-18,067651,"CRUDE OIL, LIGHT SWEET - NEW YORK MERCANTILE EXCHANGE",209693.0,37007.0,172686.0
2013-01-22,2013-01-25,067651,"CRUDE OIL, LIGHT SWEET - NEW YORK MERCANTILE EXCHANGE",228075.0,30667.0,197408.0
2013-01-29,2013-02-01,067651,"CRUDE OIL, LIGHT SWEET - NEW YORK MERCANTILE EXCHANGE",232827.0,25773.0,207054.0
2013-02-05,2013-02-08,067651,"CRUDE OIL, LIGHT SWEET - NEW YORK MERCANTILE EXCHANGE",227589.0,25756.0,201833.0
2013-02-12,2013-02-15,067651,"CRUDE OIL, LIGHT SWEET - NEW YORK MERCANTILE EXCHANGE",235696.0,26131.0,209565.0
2013-02-19,2013-02-22,067651,"CRUDE OIL, LIGHT SWEET - NEW YORK MERCANTILE EXCHANGE",215261.0,33725.0,181536.0
2013-02-26,2013-03-01,067651,"CRUDE OIL, LIGHT SWEET - NEW YORK MERCANTILE EXCHANGE",198020.0,47595.0,150425.0
2013-03-05,2013-03-08,067651,"CRUDE OIL, LIGHT SWEET - NEW YORK MERCANTILE EXCHANGE",200350.0,57320.0,143030.0
2013-03-12,2013-03-15,067651,"CRUDE OIL, LIGHT SWEET - NEW YORK MERCANTILE EXCHANGE",204471.0,59442.0,145029.0
2013-03-19,2013-03-22,067651,"CRUDE OIL, LIGHT SWEET - NEW YORK MERCANTILE EXCHANGE",200592.0,50279.0,150313.0
2013-03-26,2013-03-29,067651,"CRUDE OIL, LIGHT SWEET - NEW YORK MERCANTILE EXCHANGE",213640.0,37766.0,175874.0
2013-04-02,2013-04-05,067651,"CRUDE OIL, LIGHT SWEET - NEW YORK MERCANTILE EXCHANGE",215348.0,34552.0,180796.0
2013-04-09,2013-04-12,067651,"CRUDE OIL, LIGHT SWEET - NEW YORK MERCANTILE EXCHANGE",208268.0,36637.0,171631.0
2013-04-16,2013-04-19,067651,"CRUDE OIL, LIGHT SWEET - NEW YORK MERCANTILE EXCHANGE",209132.0,48470.0,160662.0
2013-04-23,2013-04-26,067651,"CRUDE OIL, LIGHT SWEET - NEW YORK MERCANTILE EXCHANGE",227376.0,63680.0,163696.0
2013-04-30,2013-05-03,067651,"CRUDE OIL, LIGHT SWEET - NEW YORK MERCANTILE EXCHANGE",225224.0,53109.0,172115.0
2013-05-07,2013-05-10,067651,"CRUDE OIL, LIGHT SWEET - NEW YORK MERCANTILE EXCHANGE",224475.0,37085.0,187390.0
2013-05-14,2013-05-17,067651,"CRUDE OIL, LIGHT SWEET - NEW YORK MERCANTILE EXCHANGE",227380.0,32300.0,195080.0
2013-05-21,2013-05-24,067651,"CRUDE OIL, LIGHT SWEET - NEW YORK MERCANTILE EXCHANGE",247573.0,33824.0,213749.0
2013-05-28,2013-05-31,067651,"CRUDE OIL, LIGHT SWEET - NEW YORK MERCANTILE EXCHANGE",238439.0,35643.0,202796.0
2013-06-04,2013-06-07,067651,"CRUDE OIL, LIGHT SWEET - NEW YORK MERCANTILE EXCHANGE",238624.0,38889.0,199735.0
2013-06-11,2013-06-14,067651,"CRUDE OIL, LIGHT SWEET - NEW YORK MERCANTILE EXCHANGE",248569.0,32612.0,215957.0
2013-06-18,2013-06-21,067651,"CRUDE OIL, LIGHT SWEET - NEW YORK MERCANTILE EXCHANGE",268324.0,26870.0,241454.0
2013-06-25,2013-06-28,067651,"CRUDE OIL, LIGHT SWEET - NEW YORK MERCANTILE EXCHANGE",246278.0,25189.0,221089.0
2013-07-02,2013-07-05,067651,"CRUDE OIL, LIGHT SWEET - NEW YORK MERCANTILE EXCHANGE",272728.0,28849.0,243879.0
2013-07-09,2013-07-12,067651,"CRUDE OIL, LIGHT SWEET - NEW YORK MERCANTILE EXCHANGE",287615.0,30791.0,256824.0
2013-07-16,2013-07-19,067651,"CRUDE OIL, LIGHT SWEET - NEW YORK MERCANTILE EXCHANGE",303124.0,27302.0,275822.0
2013-07-23,2013-07-26,067651,"CRUDE OIL, LIGHT SWEET - NEW YORK MERCANTILE EXCHANGE",335934.0,30090.0,305844.0
2013-07-30,2013-08-02,067651,"CRUDE OIL, LIGHT SWEET - NEW YORK MERCANTILE EXCHANGE",332291.0,31298.0,300993.0
2013-08-06,2013-08-09,067651,"CRUDE OIL, LIGHT SWEET - NEW YORK MERCANTILE EXCHANGE",326132.0,39841.0,286291.0
2013-08-13,2013-08-16,067651,"CRUDE OIL, LIGHT SWEET - NEW YORK MERCANTILE EXCHANGE",317888.0,42829.0,275059.0
2013-08-20,2013-08-23,067651,"CRUDE OIL, LIGHT SWEET - NEW YORK MERCANTILE EXCHANGE",319573.0,50251.0,269322.0
2013-08-27,2013-08-30,067651,"CRUDE OIL, LIGHT SWEET - NEW YORK MERCANTILE EXCHANGE",324636.0,50749.0,273887.0
2013-09-03,2013-09-06,067651,"CRUDE OIL, LIGHT SWEET - NEW YORK MERCANTILE EXCHANGE",313572.0,51554.0,262018.0
2013-09-10,2013-09-13,067651,"CRUDE OIL, LIGHT SWEET - NEW YORK MERCANTILE EXCHANGE",303451.0,55667.0,247784.0
2013-09-17,2013-09-20,067651,"CRUDE OIL, LIGHT SWEET - NEW YORK MERCANTILE EXCHANGE",297439.0,52030.0,245409.0
2013-09-24,2013-09-27,067651,"CRUDE OIL, LIGHT SWEET - NEW YORK MERCANTILE EXCHANGE",285293.0,41582.0,243711.0
2013-10-01,2013-10-04,067651,"CRUDE OIL, LIGHT SWEET - NEW YORK MERCANTILE EXCHANGE",267757.0,42623.0,225134.0
2013-10-08,2013-10-11,067651,"CRUDE OIL, LIGHT SWEET - NEW YORK MERCANTILE EXCHANGE",264481.0,42058.0,222423.0
2013-10-15,2013-10-18,067651,"CRUDE OIL, LIGHT SWEET - NEW YORK MERCANTILE EXCHANGE",261855.0,43338.0,218517.0
2013-10-22,2013-10-25,067651,"CRUDE OIL, LIGHT SWEET - NEW YORK MERCANTILE EXCHANGE",273597.0,44340.0,229257.0
2013-10-29,2013-11-01,067651,"CRUDE OIL, LIGHT SWEET - NEW YORK MERCANTILE EXCHANGE",269361.0,46362.0,222999.0
2013-11-05,2013-11-08,067651,"CRUDE OIL, LIGHT SWEET - NEW YORK MERCANTILE EXCHANGE",274452.0,56911.0,217541.0
2013-11-12,2013-11-15,067651,"CRUDE OIL, LIGHT SWEET - NEW YORK MERCANTILE EXCHANGE",275451.0,65198.0,210253.0
2013-11-19,2013-11-22,067651,"CRUDE OIL, LIGHT SWEET - NEW YORK MERCANTILE EXCHANGE",269600.0,45424.0,224176.0
2013-11-26,2013-11-29,067651,"CRUDE OIL, LIGHT SWEET - NEW YORK MERCANTILE EXCHANGE",268474.0,50780.0,217694.0
2013-12-03,2013-12-06,067651,"CRUDE OIL, LIGHT SWEET - NEW YORK MERCANTILE EXCHANGE",283646.0,49575.0,234071.0
2013-12-10,2013-12-13,067651,"CRUDE OIL, LIGHT SWEET - NEW YORK MERCANTILE EXCHANGE",280202.0,39374.0,240828.0
2013-12-17,2013-12-20,067651,"CRUDE OIL, LIGHT SWEET - NEW YORK MERCANTILE EXCHANGE",284764.0,41859.0,242905.0
2013-12-24,2013-12-27,067651,"CRUDE OIL, LIGHT SWEET - NEW YORK MERCANTILE EXCHANGE",290616.0,35028.0,255588.0
2013-12-31,2014-01-03,067651,"CRUDE OIL, LIGHT SWEET - NEW YORK MERCANTILE EXCHANGE",296918.0,34559.0,262359.0
2014-01-07,2014-01-10,067651,"CRUDE OIL, LIGHT SWEET - NEW YORK MERCANTILE EXCHANGE",293342.0,52674.0,240668.0
2014-01-14,2014-01-17,067651,"CRUDE OIL, LIGHT SWEET - NEW YORK MERCANTILE EXCHANGE",287413.0,66038.0,221375.0
2014-01-21,2014-01-24,067651,"CRUDE OIL, LIGHT SWEET - NEW YORK MERCANTILE EXCHANGE",291125.0,69195.0,221930.0
2014-01-28,2014-01-31,067651,"CRUDE OIL, LIGHT SWEET - NEW YORK MERCANTILE EXCHANGE",302094.0,51791.0,250303.0
2014-02-04,2014-02-07,067651,"CRUDE OIL, LIGHT SWEET - NEW YORK MERCANTILE EXCHANGE",310000.0,40288.0,269712.0
2014-02-11,2014-02-14,067651,"CRUDE OIL, LIGHT SWEET - NEW YORK MERCANTILE EXCHANGE",322701.0,30643.0,292058.0
2014-02-18,2014-02-21,067651,"CRUDE OIL, LIGHT SWEET - NEW YORK MERCANTILE EXCHANGE",346569.0,22797.0,323772.0
2014-02-25,2014-02-28,067651,"CRUDE OIL, LIGHT SWEET - NEW YORK MERCANTILE EXCHANGE",354507.0,25378.0,329129.0
2014-03-04,2014-03-07,067651,"CRUDE OIL, LIGHT SWEET - NEW YORK MERCANTILE EXCHANGE",363546.0,24268.0,339278.0
2014-03-11,2014-03-14,067651,"CRUDE OIL, LIGHT SWEET - NEW YORK MERCANTILE EXCHANGE",355002.0,28413.0,326589.0
2014-03-18,2014-03-21,067651,"CRUDE OIL, LIGHT SWEET - NEW YORK MERCANTILE EXCHANGE",330474.0,40253.0,290221.0
2014-03-25,2014-03-28,067651,"CRUDE OIL, LIGHT SWEET - NEW YORK MERCANTILE EXCHANGE",328802.0,46166.0,282636.0
2014-04-01,2014-04-04,067651,"CRUDE OIL, LIGHT SWEET - NEW YORK MERCANTILE EXCHANGE",338867.0,45102.0,293765.0
2014-04-08,2014-04-11,067651,"CRUDE OIL, LIGHT SWEET - NEW YORK MERCANTILE EXCHANGE",350767.0,30872.0,319895.0
2014-04-15,2014-04-18,067651,"CRUDE OIL, LIGHT SWEET - NEW YORK MERCANTILE EXCHANGE",363758.0,32383.0,331375.0
2014-04-22,2014-04-25,067651,"CRUDE OIL, LIGHT SWEET - NEW YORK MERCANTILE EXCHANGE",355102.0,32314.0,322788.0
2014-04-29,2014-05-02,067651,"CRUDE OIL, LIGHT SWEET - NEW YORK MERCANTILE EXCHANGE",354435.0,34130.0,320305.0
2014-05-06,2014-05-09,067651,"CRUDE OIL, LIGHT SWEET - NEW YORK MERCANTILE EXCHANGE",323525.0,30871.0,292654.0
2014-05-13,2014-05-16,067651,"CRUDE OIL, LIGHT SWEET - NEW YORK MERCANTILE EXCHANGE",325314.0,28687.0,296627.0
2014-05-20,2014-05-23,067651,"CRUDE OIL, LIGHT SWEET - NEW YORK MERCANTILE EXCHANGE",345335.0,33443.0,311892.0
2014-05-27,2014-05-30,067651,"CRUDE OIL, LIGHT SWEET - NEW YORK MERCANTILE EXCHANGE",365589.0,30063.0,335526.0
2014-06-03,2014-06-06,067651,"CRUDE OIL, LIGHT SWEET - NEW YORK MERCANTILE EXCHANGE",362982.0,26818.0,336164.0
2014-06-10,2014-06-13,067651,"CRUDE OIL, LIGHT SWEET - NEW YORK MERCANTILE EXCHANGE",356487.0,27091.0,329396.0
2014-06-17,2014-06-20,067651,"CRUDE OIL, LIGHT SWEET - NEW YORK MERCANTILE EXCHANGE",367081.0,34799.0,332282.0
2014-06-24,2014-06-27,067651,"CRUDE OIL, LIGHT SWEET - NEW YORK MERCANTILE EXCHANGE",360883.0,37895.0,322988.0
2014-07-01,2014-07-04,067651,"CRUDE OIL, LIGHT SWEET - NEW YORK MERCANTILE EXCHANGE",348787.0,37392.0,311395.0
2014-07-08,2014-07-11,067651,"CRUDE OIL, LIGHT SWEET - NEW YORK MERCANTILE EXCHANGE",334110.0,38802.0,295308.0
2014-07-15,2014-07-18,067651,"CRUDE OIL, LIGHT SWEET - NEW YORK MERCANTILE EXCHANGE",304847.0,40906.0,263941.0
2014-07-22,2014-07-25,067651,"CRUDE OIL, LIGHT SWEET - NEW YORK MERCANTILE EXCHANGE",297492.0,36222.0,261270.0
2014-07-29,2014-08-01,067651,"CRUDE OIL, LIGHT SWEET - NEW YORK MERCANTILE EXCHANGE",302682.0,37182.0,265500.0
2014-08-05,2014-08-08,067651,"CRUDE OIL, LIGHT SWEET - NEW YORK MERCANTILE EXCHANGE",283767.0,46673.0,237094.0
2014-08-12,2014-08-15,067651,"CRUDE OIL, LIGHT SWEET - NEW YORK MERCANTILE EXCHANGE",267654.0,49179.0,218475.0
2014-08-19,2014-08-22,067651,"CRUDE OIL, LIGHT SWEET - NEW YORK MERCANTILE EXCHANGE",260743.0,64050.0,196693.0
2014-08-26,2014-08-29,067651,"CRUDE OIL, LIGHT SWEET - NEW YORK MERCANTILE EXCHANGE",260843.0,65101.0,195742.0
2014-09-02,2014-09-05,067651,"CRUDE OIL, LIGHT SWEET - NEW YORK MERCANTILE EXCHANGE",258396.0,76190.0,182206.0
2014-09-09,2014-09-12,067651,"CRUDE OIL, LIGHT SWEET - NEW YORK MERCANTILE EXCHANGE",270286.0,72124.0,198162.0
2014-09-16,2014-09-19,067651,"CRUDE OIL, LIGHT SWEET - NEW YORK MERCANTILE EXCHANGE",277164.0,68414.0,208750.0
2014-09-23,2014-09-26,067651,"CRUDE OIL, LIGHT SWEET - NEW YORK MERCANTILE EXCHANGE",264713.0,70644.0,194069.0
2014-09-30,2014-10-03,067651,"CRUDE OIL, LIGHT SWEET - NEW YORK MERCANTILE EXCHANGE",272403.0,64449.0,207954.0
2014-10-07,2014-10-10,067651,"CRUDE OIL, LIGHT SWEET - NEW YORK MERCANTILE EXCHANGE",273096.0,73126.0,199970.0
2014-10-14,2014-10-17,067651,"CRUDE OIL, LIGHT SWEET - NEW YORK MERCANTILE EXCHANGE",283237.0,81051.0,202186.0
2014-10-21,2014-10-24,067651,"CRUDE OIL, LIGHT SWEET - NEW YORK MERCANTILE EXCHANGE",277256.0,65899.0,211357.0
2014-10-28,2014-10-31,067651,"CRUDE OIL, LIGHT SWEET - NEW YORK MERCANTILE EXCHANGE",271486.0,65752.0,205734.0
2014-11-04,2014-11-07,067651,"CRUDE OIL, LIGHT SWEET - NEW YORK MERCANTILE EXCHANGE",268471.0,75800.0,192671.0
2014-11-11,2014-11-14,067651,"CRUDE OIL, LIGHT SWEET - NEW YORK MERCANTILE EXCHANGE",271818.0,68554.0,203264.0
2014-11-18,2014-11-21,067651,"CRUDE OIL, LIGHT SWEET - NEW YORK MERCANTILE EXCHANGE",252086.0,69711.0,182375.0
2014-11-25,2014-11-28,067651,"CRUDE OIL, LIGHT SWEET - NEW YORK MERCANTILE EXCHANGE",245213.0,76825.0,168388.0
2014-12-02,2014-12-05,067651,"CRUDE OIL, LIGHT SWEET - NEW YORK MERCANTILE EXCHANGE",260916.0,63273.0,197643.0
2014-12-09,2014-12-12,067651,"CRUDE OIL, LIGHT SWEET - NEW YORK MERCANTILE EXCHANGE",263232.0,60311.0,202921.0
2014-12-16,2014-12-19,067651,"CRUDE OIL, LIGHT SWEET - NEW YORK MERCANTILE EXCHANGE",276135.0,60996.0,215139.0
2014-12-23,2014-12-26,067651,"CRUDE OIL, LIGHT SWEET - NEW YORK MERCANTILE EXCHANGE",257276.0,56380.0,200896.0
2014-12-30,2015-01-02,067651,"CRUDE OIL, LIGHT SWEET - NEW YORK MERCANTILE EXCHANGE",259253.0,64769.0,194484.0
2015-01-06,2015-01-09,067651,"CRUDE OIL, LIGHT SWEET - NEW YORK MERCANTILE EXCHANGE",270010.0,81759.0,188251.0
2015-01-13,2015-01-16,067651,"CRUDE OIL, LIGHT SWEET - NEW YORK MERCANTILE EXCHANGE",305707.0,100912.0,204795.0
2015-01-20,2015-01-23,067651,"CRUDE OIL, LIGHT SWEET - NEW YORK MERCANTILE EXCHANGE",304529.0,98823.0,205706.0
2015-01-27,2015-01-30,067651,"CRUDE OIL, LIGHT SWEET - NEW YORK MERCANTILE EXCHANGE",319868.0,116124.0,203744.0
2015-02-03,2015-02-06,067651,"CRUDE OIL, LIGHT SWEET - NEW YORK MERCANTILE EXCHANGE",310803.0,117359.0,193444.0
2015-02-10,2015-02-13,067651,"CRUDE OIL, LIGHT SWEET - NEW YORK MERCANTILE EXCHANGE",300286.0,105240.0,195046.0
2015-02-17,2015-02-20,067651,"CRUDE OIL, LIGHT SWEET - NEW YORK MERCANTILE EXCHANGE",309159.0,100601.0,208558.0
2015-02-24,2015-02-27,067651,"CRUDE OIL, LIGHT SWEET - NEW YORK MERCANTILE EXCHANGE",317774.0,119347.0,198427.0
2015-03-03,2015-03-06,067651,"CRUDE OIL, LIGHT SWEET - NEW YORK MERCANTILE EXCHANGE",300081.0,135887.0,164194.0
2015-03-10,2015-03-13,067651,"CRUDE OIL, LIGHT SWEET - NEW YORK MERCANTILE EXCHANGE",301134.0,140849.0,160285.0
2015-03-17,2015-03-20,067651,"CRUDE OIL, LIGHT SWEET - NEW YORK MERCANTILE EXCHANGE",314564.0,170068.0,144496.0
2015-03-24,2015-03-27,067651,"CRUDE OIL, LIGHT SWEET - NEW YORK MERCANTILE EXCHANGE",315174.0,173210.0,141964.0
2015-03-31,2015-04-03,067651,"CRUDE OIL, LIGHT SWEET - NEW YORK MERCANTILE EXCHANGE",324675.0,149222.0,175453.0
2015-04-07,2015-04-10,067651,"CRUDE OIL, LIGHT SWEET - NEW YORK MERCANTILE EXCHANGE",335452.0,119031.0,216421.0
2015-04-14,2015-04-17,067651,"CRUDE OIL, LIGHT SWEET - NEW YORK MERCANTILE EXCHANGE",342607.0,104051.0,238556.0
2015-04-21,2015-04-24,067651,"CRUDE OIL, LIGHT SWEET - NEW YORK MERCANTILE EXCHANGE",340036.0,80750.0,259286.0
2015-04-28,2015-05-01,067651,"CRUDE OIL, LIGHT SWEET - NEW YORK MERCANTILE EXCHANGE",339140.0,81787.0,257353.0
2015-05-05,2015-05-08,067651,"CRUDE OIL, LIGHT SWEET - NEW YORK MERCANTILE EXCHANGE",340604.0,74294.0,266310.0
2015-05-12,2015-05-15,067651,"CRUDE OIL, LIGHT SWEET - NEW YORK MERCANTILE EXCHANGE",325773.0,62741.0,263032.0
2015-05-19,2015-05-22,067651,"CRUDE OIL, LIGHT SWEET - NEW YORK MERCANTILE EXCHANGE",318849.0,68276.0,250573.0
2015-05-26,2015-05-29,067651,"CRUDE OIL, LIGHT SWEET - NEW YORK MERCANTILE EXCHANGE",316262.0,65247.0,251015.0
2015-06-02,2015-06-05,067651,"CRUDE OIL, LIGHT SWEET - NEW YORK MERCANTILE EXCHANGE",304462.0,59940.0,244522.0
2015-06-09,2015-06-12,067651,"CRUDE OIL, LIGHT SWEET - NEW YORK MERCANTILE EXCHANGE",298385.0,61767.0,236618.0
2015-06-16,2015-06-19,067651,"CRUDE OIL, LIGHT SWEET - NEW YORK MERCANTILE EXCHANGE",297492.0,58448.0,239044.0
2015-06-23,2015-06-26,067651,"CRUDE OIL, LIGHT SWEET - NEW YORK MERCANTILE EXCHANGE",297027.0,61220.0,235807.0
2015-06-30,2015-07-03,067651,"CRUDE OIL, LIGHT SWEET - NEW YORK MERCANTILE EXCHANGE",286776.0,65724.0,221052.0
2015-07-07,2015-07-10,067651,"CRUDE OIL, LIGHT SWEET - NEW YORK MERCANTILE EXCHANGE",279448.0,98418.0,181030.0
2015-07-14,2015-07-17,067651,"CRUDE OIL, LIGHT SWEET - NEW YORK MERCANTILE EXCHANGE",258100.0,110751.0,147349.0
2015-07-21,2015-07-24,067651,"CRUDE OIL, LIGHT SWEET - NEW YORK MERCANTILE EXCHANGE",239438.0,125251.0,114187.0
2015-07-28,2015-07-31,067651,"CRUDE OIL, LIGHT SWEET - NEW YORK MERCANTILE EXCHANGE",246018.0,139552.0,106466.0
2015-08-04,2015-08-07,067651,"CRUDE OIL, LIGHT SWEET - NEW YORK MERCANTILE EXCHANGE",251136.0,135164.0,115972.0
2015-08-11,2015-08-14,067651,"CRUDE OIL, LIGHT SWEET - NEW YORK MERCANTILE EXCHANGE",251147.0,151015.0,100132.0
2015-08-18,2015-08-21,067651,"CRUDE OIL, LIGHT SWEET - NEW YORK MERCANTILE EXCHANGE",241712.0,159158.0,82554.0
2015-08-25,2015-08-28,067651,"CRUDE OIL, LIGHT SWEET - NEW YORK MERCANTILE EXCHANGE",245238.0,156004.0,89234.0
2015-09-01,2015-09-04,067651,"CRUDE OIL, LIGHT SWEET - NEW YORK MERCANTILE EXCHANGE",250891.0,140701.0,110190.0
2015-09-08,2015-09-11,067651,"CRUDE OIL, LIGHT SWEET - NEW YORK MERCANTILE EXCHANGE",258812.0,128732.0,130080.0
2015-09-15,2015-09-18,067651,"CRUDE OIL, LIGHT SWEET - NEW YORK MERCANTILE EXCHANGE",260007.0,115720.0,144287.0
2015-09-22,2015-09-25,067651,"CRUDE OIL, LIGHT SWEET - NEW YORK MERCANTILE EXCHANGE",269393.0,105552.0,163841.0
2015-09-29,2015-10-02,067651,"CRUDE OIL, LIGHT SWEET - NEW YORK MERCANTILE EXCHANGE",263126.0,112736.0,150390.0
2015-10-06,2015-10-09,067651,"CRUDE OIL, LIGHT SWEET - NEW YORK MERCANTILE EXCHANGE",278318.0,104851.0,173467.0
2015-10-13,2015-10-16,067651,"CRUDE OIL, LIGHT SWEET - NEW YORK MERCANTILE EXCHANGE",269937.0,87595.0,182342.0
2015-10-20,2015-10-23,067651,"CRUDE OIL, LIGHT SWEET - NEW YORK MERCANTILE EXCHANGE",266363.0,106570.0,159793.0
2015-10-27,2015-10-30,067651,"CRUDE OIL, LIGHT SWEET - NEW YORK MERCANTILE EXCHANGE",273436.0,134264.0,139172.0
2015-11-03,2015-11-06,067651,"CRUDE OIL, LIGHT SWEET - NEW YORK MERCANTILE EXCHANGE",281962.0,116244.0,165718.0
2015-11-10,2015-11-13,067651,"CRUDE OIL, LIGHT SWEET - NEW YORK MERCANTILE EXCHANGE",277775.0,139178.0,138597.0
2015-11-17,2015-11-20,067651,"CRUDE OIL, LIGHT SWEET - NEW YORK MERCANTILE EXCHANGE",266187.0,156229.0,109958.0
2015-11-24,2015-11-27,067651,"CRUDE OIL, LIGHT SWEET - NEW YORK MERCANTILE EXCHANGE",250061.0,164953.0,85108.0
2015-12-01,2015-12-04,067651,"CRUDE OIL, LIGHT SWEET - NEW YORK MERCANTILE EXCHANGE",251057.0,171805.0,79252.0
2015-12-08,2015-12-11,067651,"CRUDE OIL, LIGHT SWEET - NEW YORK MERCANTILE EXCHANGE",253141.0,178888.0,74253.0
2015-12-15,2015-12-18,067651,"CRUDE OIL, LIGHT SWEET - NEW YORK MERCANTILE EXCHANGE",254885.0,175477.0,79408.0
2015-12-22,2015-12-25,067651,"CRUDE OIL, LIGHT SWEET - NEW YORK MERCANTILE EXCHANGE",235119.0,173062.0,62057.0
2015-12-29,2016-01-01,067651,"CRUDE OIL, LIGHT SWEET - NEW YORK MERCANTILE EXCHANGE",238919.0,165168.0,73751.0
2016-01-05,2016-01-08,067651,"CRUDE OIL, LIGHT SWEET - NEW YORK MERCANTILE EXCHANGE",231998.0,182562.0,49436.0
2016-01-12,2016-01-15,067651,"CRUDE OIL, LIGHT SWEET - NEW YORK MERCANTILE EXCHANGE",249863.0,213491.0,36372.0
2016-01-19,2016-01-22,067651,"CRUDE OIL, LIGHT SWEET - NEW YORK MERCANTILE EXCHANGE",240700.0,184037.0,56663.0
2016-01-26,2016-01-29,067651,"CRUDE OIL, LIGHT SWEET - NEW YORK MERCANTILE EXCHANGE",268202.0,191118.0,77084.0
2016-02-02,2016-02-05,067651,"CRUDE OIL, LIGHT SWEET - NEW YORK MERCANTILE EXCHANGE",272485.0,206215.0,66270.0
2016-02-09,2016-02-12,067651,"CRUDE OIL, LIGHT SWEET - NEW YORK MERCANTILE EXCHANGE",270210.0,197807.0,72403.0
2016-02-16,2016-02-19,067651,"CRUDE OIL, LIGHT SWEET - NEW YORK MERCANTILE EXCHANGE",267102.0,209241.0,57861.0
2016-02-23,2016-02-26,067651,"CRUDE OIL, LIGHT SWEET - NEW YORK MERCANTILE EXCHANGE",275705.0,173453.0,102252.0
2016-03-01,2016-03-04,067651,"CRUDE OIL, LIGHT SWEET - NEW YORK MERCANTILE EXCHANGE",279333.0,154922.0,124411.0
2016-03-08,2016-03-11,067651,"CRUDE OIL, LIGHT SWEET - NEW YORK MERCANTILE EXCHANGE",286827.0,121576.0,165251.0
2016-03-15,2016-03-18,067651,"CRUDE OIL, LIGHT SWEET - NEW YORK MERCANTILE EXCHANGE",297622.0,102677.0,194945.0
2016-03-22,2016-03-25,067651,"CRUDE OIL, LIGHT SWEET - NEW YORK MERCANTILE EXCHANGE",294899.0,68813.0,226086.0
2016-03-29,2016-04-01,067651,"CRUDE OIL, LIGHT SWEET - NEW YORK MERCANTILE EXCHANGE",291100.0,81918.0,209182.0
2016-04-05,2016-04-08,067651,"CRUDE OIL, LIGHT SWEET - NEW YORK MERCANTILE EXCHANGE",289770.0,113262.0,176508.0
2016-04-12,2016-04-15,067651,"CRUDE OIL, LIGHT SWEET - NEW YORK MERCANTILE EXCHANGE",289000.0,87980.0,201020.0
2016-04-19,2016-04-22,067651,"CRUDE OIL, LIGHT SWEET - NEW YORK MERCANTILE EXCHANGE",297733.0,75862.0,221871.0
2016-04-26,2016-04-29,067651,"CRUDE OIL, LIGHT SWEET - NEW YORK MERCANTILE EXCHANGE",296197.0,72730.0,223467.0
2016-05-03,2016-05-06,067651,"CRUDE OIL, LIGHT SWEET - NEW YORK MERCANTILE EXCHANGE",285229.0,72472.0,212757.0
2016-05-10,2016-05-13,067651,"CRUDE OIL, LIGHT SWEET - NEW YORK MERCANTILE EXCHANGE",284570.0,92839.0,191731.0
2016-05-17,2016-05-20,067651,"CRUDE OIL, LIGHT SWEET - NEW YORK MERCANTILE EXCHANGE",294071.0,72245.0,221826.0
2016-05-24,2016-05-27,067651,"CRUDE OIL, LIGHT SWEET - NEW YORK MERCANTILE EXCHANGE",281321.0,70336.0,210985.0
2016-05-31,2016-06-03,067651,"CRUDE OIL, LIGHT SWEET - NEW YORK MERCANTILE EXCHANGE",273948.0,63302.0,210646.0
2016-06-07,2016-06-10,067651,"CRUDE OIL, LIGHT SWEET - NEW YORK MERCANTILE EXCHANGE",281955.0,89364.0,192591.0
2016-06-14,2016-06-17,067651,"CRUDE OIL, LIGHT SWEET - NEW YORK MERCANTILE EXCHANGE",268734.0,116036.0,152698.0
2016-06-21,2016-06-24,067651,"CRUDE OIL, LIGHT SWEET - NEW YORK MERCANTILE EXCHANGE",279417.0,98441.0,180976.0
2016-06-28,2016-07-01,067651,"CRUDE OIL, LIGHT SWEET - NEW YORK MERCANTILE EXCHANGE",275846.0,123235.0,152611.0
2016-07-05,2016-07-08,067651,"CRUDE OIL, LIGHT SWEET - NEW YORK MERCANTILE EXCHANGE",278085.0,132720.0,145365.0
2016-07-12,2016-07-15,067651,"CRUDE OIL, LIGHT SWEET - NEW YORK MERCANTILE EXCHANGE",283738.0,129209.0,154529.0
2016-07-19,2016-07-22,067651,"CRUDE OIL, LIGHT SWEET - NEW YORK MERCANTILE EXCHANGE",289395.0,153309.0,136086.0
2016-07-26,2016-07-29,067651,"CRUDE OIL, LIGHT SWEET - NEW YORK MERCANTILE EXCHANGE",291432.0,190825.0,100607.0
2016-08-02,2016-08-05,067651,"CRUDE OIL, LIGHT SWEET - NEW YORK MERCANTILE EXCHANGE",292454.0,227763.0,64691.0
2016-08-09,2016-08-12,067651,"CRUDE OIL, LIGHT SWEET - NEW YORK MERCANTILE EXCHANGE",307186.0,232202.0,74984.0
2016-08-16,2016-08-19,067651,"CRUDE OIL, LIGHT SWEET - NEW YORK MERCANTILE EXCHANGE",308899.0,175322.0,133577.0
2016-08-23,2016-08-26,067651,"CRUDE OIL, LIGHT SWEET - NEW YORK MERCANTILE EXCHANGE",320757.0,100651.0,220106.0
2016-08-30,2016-09-02,067651,"CRUDE OIL, LIGHT SWEET - NEW YORK MERCANTILE EXCHANGE",300644.0,104928.0,195716.0
2016-09-06,2016-09-09,067651,"CRUDE OIL, LIGHT SWEET - NEW YORK MERCANTILE EXCHANGE",296386.0,148034.0,148352.0
2016-09-13,2016-09-16,067651,"CRUDE OIL, LIGHT SWEET - NEW YORK MERCANTILE EXCHANGE",293429.0,123034.0,170395.0
2016-09-20,2016-09-23,067651,"CRUDE OIL, LIGHT SWEET - NEW YORK MERCANTILE EXCHANGE",290493.0,161939.0,128554.0
2016-09-27,2016-09-30,067651,"CRUDE OIL, LIGHT SWEET - NEW YORK MERCANTILE EXCHANGE",307925.0,152986.0,154939.0
2016-10-04,2016-10-07,067651,"CRUDE OIL, LIGHT SWEET - NEW YORK MERCANTILE EXCHANGE",326975.0,104144.0,222831.0
2016-10-11,2016-10-14,067651,"CRUDE OIL, LIGHT SWEET - NEW YORK MERCANTILE EXCHANGE",337612.0,83237.0,254375.0
2016-10-18,2016-10-21,067651,"CRUDE OIL, LIGHT SWEET - NEW YORK MERCANTILE EXCHANGE",327095.0,62609.0,264486.0
2016-10-25,2016-10-28,067651,"CRUDE OIL, LIGHT SWEET - NEW YORK MERCANTILE EXCHANGE",311053.0,66428.0,244625.0
2016-11-01,2016-11-04,067651,"CRUDE OIL, LIGHT SWEET - NEW YORK MERCANTILE EXCHANGE",290299.0,78890.0,211409.0
2016-11-08,2016-11-11,067651,"CRUDE OIL, LIGHT SWEET - NEW YORK MERCANTILE EXCHANGE",293347.0,162455.0,130892.0
2016-11-15,2016-11-18,067651,"CRUDE OIL, LIGHT SWEET - NEW YORK MERCANTILE EXCHANGE",308940.0,185047.0,123893.0
2016-11-22,2016-11-25,067651,"CRUDE OIL, LIGHT SWEET - NEW YORK MERCANTILE EXCHANGE",333888.0,179067.0,154821.0
2016-11-29,2016-12-02,067651,"CRUDE OIL, LIGHT SWEET - NEW YORK MERCANTILE EXCHANGE",321114.0,162434.0,158680.0
2016-12-06,2016-12-09,067651,"CRUDE OIL, LIGHT SWEET - NEW YORK MERCANTILE EXCHANGE",351457.0,108932.0,242525.0
2016-12-13,2016-12-16,067651,"CRUDE OIL, LIGHT SWEET - NEW YORK MERCANTILE EXCHANGE",366232.0,91475.0,274757.0
2016-12-20,2016-12-23,067651,"CRUDE OIL, LIGHT SWEET - NEW YORK MERCANTILE EXCHANGE",356614.0,72861.0,283753.0
2016-12-27,2016-12-30,067651,"CRUDE OIL, LIGHT SWEET - NEW YORK MERCANTILE EXCHANGE",357096.0,71857.0,285239.0
2017-01-03,2017-01-06,067651,"CRUDE OIL, LIGHT SWEET - NEW YORK MERCANTILE EXCHANGE",356275.0,76578.0,279697.0
2017-01-10,2017-01-13,067651,"CRUDE OIL, LIGHT SWEET - NEW YORK MERCANTILE EXCHANGE",353726.0,75366.0,278360.0
2017-01-17,2017-01-20,067651,"CRUDE OIL, LIGHT SWEET - NEW YORK MERCANTILE EXCHANGE",403021.0,59606.0,343415.0
2017-01-24,2017-01-27,067651,"CRUDE OIL, LIGHT SWEET - NEW YORK MERCANTILE EXCHANGE",420513.0,53692.0,366821.0
2017-01-31,2017-02-03,067651,"CRUDE OIL, LIGHT SWEET - NEW YORK MERCANTILE EXCHANGE",427935.0,53471.0,374464.0
2017-02-07,2017-02-10,067651,"CRUDE OIL, LIGHT SWEET - NEW YORK MERCANTILE EXCHANGE",419755.0,67732.0,352023.0
2017-02-14,2017-02-17,067651,"CRUDE OIL, LIGHT SWEET - NEW YORK MERCANTILE EXCHANGE",432594.0,49062.0,383532.0
2017-02-21,2017-02-24,067651,"CRUDE OIL, LIGHT SWEET - NEW YORK MERCANTILE EXCHANGE",448846.0,43518.0,405328.0
2017-02-28,2017-03-03,067651,"CRUDE OIL, LIGHT SWEET - NEW YORK MERCANTILE EXCHANGE",429168.0,60566.0,368602.0
2017-03-07,2017-03-10,067651,"CRUDE OIL, LIGHT SWEET - NEW YORK MERCANTILE EXCHANGE",418346.0,61168.0,357178.0
2017-03-14,2017-03-17,067651,"CRUDE OIL, LIGHT SWEET - NEW YORK MERCANTILE EXCHANGE",383767.0,128947.0,254820.0
2017-03-21,2017-03-24,067651,"CRUDE OIL, LIGHT SWEET - NEW YORK MERCANTILE EXCHANGE",361256.0,127857.0,233399.0
2017-03-28,2017-03-31,067651,"CRUDE OIL, LIGHT SWEET - NEW YORK MERCANTILE EXCHANGE",345055.0,134810.0,210245.0
2017-04-04,2017-04-07,067651,"CRUDE OIL, LIGHT SWEET - NEW YORK MERCANTILE EXCHANGE",343733.0,115741.0,227992.0
2017-04-11,2017-04-14,067651,"CRUDE OIL, LIGHT SWEET - NEW YORK MERCANTILE EXCHANGE",354115.0,77094.0,277021.0
2017-04-18,2017-04-21,067651,"CRUDE OIL, LIGHT SWEET - NEW YORK MERCANTILE EXCHANGE",366681.0,73576.0,293105.0
2017-04-25,2017-04-28,067651,"CRUDE OIL, LIGHT SWEET - NEW YORK MERCANTILE EXCHANGE",318733.0,97783.0,220950.0
2017-05-02,2017-05-05,067651,"CRUDE OIL, LIGHT SWEET - NEW YORK MERCANTILE EXCHANGE",299554.0,136549.0,163005.0
2017-05-09,2017-05-12,067651,"CRUDE OIL, LIGHT SWEET - NEW YORK MERCANTILE EXCHANGE",299622.0,183771.0,115851.0
2017-05-16,2017-05-19,067651,"CRUDE OIL, LIGHT SWEET - NEW YORK MERCANTILE EXCHANGE",293217.0,177657.0,115560.0
2017-05-23,2017-05-26,067651,"CRUDE OIL, LIGHT SWEET - NEW YORK MERCANTILE EXCHANGE",287276.0,114532.0,172744.0
2017-05-30,2017-06-02,067651,"CRUDE OIL, LIGHT SWEET - NEW YORK MERCANTILE EXCHANGE",289584.0,104388.0,185196.0
2017-06-06,2017-06-09,067651,"CRUDE OIL, LIGHT SWEET - NEW YORK MERCANTILE EXCHANGE",308157.0,106567.0,201590.0
2017-06-13,2017-06-16,067651,"CRUDE OIL, LIGHT SWEET - NEW YORK MERCANTILE EXCHANGE",317192.0,148565.0,168627.0
2017-06-20,2017-06-23,067651,"CRUDE OIL, LIGHT SWEET - NEW YORK MERCANTILE EXCHANGE",299982.0,189233.0,110749.0
2017-06-27,2017-06-30,067651,"CRUDE OIL, LIGHT SWEET - NEW YORK MERCANTILE EXCHANGE",308260.0,202277.0,105983.0
2017-07-03,2017-07-07,067651,"CRUDE OIL, LIGHT SWEET - NEW YORK MERCANTILE EXCHANGE",309364.0,181396.0,127968.0
2017-07-11,2017-07-14,067651,"CRUDE OIL, LIGHT SWEET - NEW YORK MERCANTILE EXCHANGE",308829.0,151574.0,157255.0
2017-07-18,2017-07-21,067651,"CRUDE OIL, LIGHT SWEET - NEW YORK MERCANTILE EXCHANGE",328364.0,119023.0,209341.0
2017-07-25,2017-07-28,067651,"CRUDE OIL, LIGHT SWEET - NEW YORK MERCANTILE EXCHANGE",327029.0,90169.0,236860.0
2017-08-01,2017-08-04,067651,"CRUDE OIL, LIGHT SWEET - NEW YORK MERCANTILE EXCHANGE",374771.0,84892.0,289879.0
2017-08-08,2017-08-11,067651,"CRUDE OIL, LIGHT SWEET - NEW YORK MERCANTILE EXCHANGE",373065.0,87801.0,285264.0
2017-08-15,2017-08-18,067651,"CRUDE OIL, LIGHT SWEET - NEW YORK MERCANTILE EXCHANGE",363317.0,94020.0,269297.0
2017-08-22,2017-08-25,067651,"CRUDE OIL, LIGHT SWEET - NEW YORK MERCANTILE EXCHANGE",347101.0,94806.0,252295.0
2017-08-29,2017-09-01,067651,"CRUDE OIL, LIGHT SWEET - NEW YORK MERCANTILE EXCHANGE",315519.0,176960.0,138559.0
2017-09-05,2017-09-08,067651,"CRUDE OIL, LIGHT SWEET - NEW YORK MERCANTILE EXCHANGE",328634.0,158959.0,169675.0
2017-09-12,2017-09-15,067651,"CRUDE OIL, LIGHT SWEET - NEW YORK MERCANTILE EXCHANGE",310596.0,156518.0,154078.0
2017-09-19,2017-09-22,067651,"CRUDE OIL, LIGHT SWEET - NEW YORK MERCANTILE EXCHANGE",337800.0,129341.0,208459.0
2017-09-26,2017-09-29,067651,"CRUDE OIL, LIGHT SWEET - NEW YORK MERCANTILE EXCHANGE",363758.0,102651.0,261107.0
2017-10-03,2017-10-06,067651,"CRUDE OIL, LIGHT SWEET - NEW YORK MERCANTILE EXCHANGE",360904.0,110731.0,250173.0
2017-10-10,2017-10-13,067651,"CRUDE OIL, LIGHT SWEET - NEW YORK MERCANTILE EXCHANGE",361328.0,122704.0,238624.0
2017-10-17,2017-10-20,067651,"CRUDE OIL, LIGHT SWEET - NEW YORK MERCANTILE EXCHANGE",365292.0,143158.0,222134.0
2017-10-24,2017-10-27,067651,"CRUDE OIL, LIGHT SWEET - NEW YORK MERCANTILE EXCHANGE",376389.0,136425.0,239964.0
2017-10-31,2017-11-03,067651,"CRUDE OIL, LIGHT SWEET - NEW YORK MERCANTILE EXCHANGE",396081.0,100849.0,295232.0
2017-11-07,2017-11-10,067651,"CRUDE OIL, LIGHT SWEET - NEW YORK MERCANTILE EXCHANGE",415679.0,75410.0,340269.0
2017-11-14,2017-11-17,067651,"CRUDE OIL, LIGHT SWEET - NEW YORK MERCANTILE EXCHANGE",432765.0,60526.0,372239.0
2017-11-21,2017-11-24,067651,"CRUDE OIL, LIGHT SWEET - NEW YORK MERCANTILE EXCHANGE",409921.0,70429.0,339492.0
2017-11-28,2017-12-01,067651,"CRUDE OIL, LIGHT SWEET - NEW YORK MERCANTILE EXCHANGE",442394.0,44288.0,398106.0
2017-12-05,2017-12-08,067651,"CRUDE OIL, LIGHT SWEET - NEW YORK MERCANTILE EXCHANGE",443885.0,48805.0,395080.0
2017-12-12,2017-12-15,067651,"CRUDE OIL, LIGHT SWEET - NEW YORK MERCANTILE EXCHANGE",436971.0,46825.0,390146.0
2017-12-19,2017-12-22,067651,"CRUDE OIL, LIGHT SWEET - NEW YORK MERCANTILE EXCHANGE",423689.0,48064.0,375625.0
2017-12-26,2017-12-29,067651,"CRUDE OIL, LIGHT SWEET - NEW YORK MERCANTILE EXCHANGE",444833.0,40595.0,404238.0
2018-01-02,2018-01-05,067651,"CRUDE OIL, LIGHT SWEET - NEW YORK MERCANTILE EXCHANGE",426682.0,37546.0,389136.0
2018-01-09,2018-01-12,067651,"CRUDE OIL, LIGHT SWEET - NEW YORK MERCANTILE EXCHANGE",463262.0,30612.0,432650.0
2018-01-16,2018-01-19,067651,"CRUDE OIL, LIGHT SWEET - NEW YORK MERCANTILE EXCHANGE",514642.0,30813.0,483829.0
2018-01-23,2018-01-26,067651,"CRUDE OIL, LIGHT SWEET - NEW YORK MERCANTILE EXCHANGE",514887.0,36330.0,478557.0
2018-01-30,2018-02-02,067651,"CRUDE OIL, LIGHT SWEET - NEW YORK MERCANTILE EXCHANGE",519545.0,36765.0,482780.0
2018-02-06,2018-02-09,067651,"CRUDE OIL, LIGHT SWEET - NEW YORK MERCANTILE EXCHANGE",500141.0,32358.0,467783.0
2018-02-13,2018-02-16,067651,"CRUDE OIL, LIGHT SWEET - NEW YORK MERCANTILE EXCHANGE",477670.0,29270.0,448400.0
2018-02-20,2018-02-23,067651,"CRUDE OIL, LIGHT SWEET - NEW YORK MERCANTILE EXCHANGE",460261.0,22330.0,437931.0
2018-02-27,2018-03-02,067651,"CRUDE OIL, LIGHT SWEET - NEW YORK MERCANTILE EXCHANGE",480874.0,20537.0,460337.0
2018-03-06,2018-03-09,067651,"CRUDE OIL, LIGHT SWEET - NEW YORK MERCANTILE EXCHANGE",469822.0,28698.0,441124.0
2018-03-13,2018-03-16,067651,"CRUDE OIL, LIGHT SWEET - NEW YORK MERCANTILE EXCHANGE",455113.0,30106.0,425007.0
2018-03-20,2018-03-23,067651,"CRUDE OIL, LIGHT SWEET - NEW YORK MERCANTILE EXCHANGE",479798.0,23570.0,456228.0
2018-03-27,2018-03-30,067651,"CRUDE OIL, LIGHT SWEET - NEW YORK MERCANTILE EXCHANGE",493496.0,30072.0,463424.0
2018-04-03,2018-04-06,067651,"CRUDE OIL, LIGHT SWEET - NEW YORK MERCANTILE EXCHANGE",454856.0,33792.0,421064.0
2018-04-10,2018-04-13,067651,"CRUDE OIL, LIGHT SWEET - NEW YORK MERCANTILE EXCHANGE",450579.0,33777.0,416802.0
2018-04-17,2018-04-20,067651,"CRUDE OIL, LIGHT SWEET - NEW YORK MERCANTILE EXCHANGE",460778.0,29221.0,431557.0
2018-04-24,2018-04-27,067651,"CRUDE OIL, LIGHT SWEET - NEW YORK MERCANTILE EXCHANGE",455634.0,31038.0,424596.0
2018-05-01,2018-05-04,067651,"CRUDE OIL, LIGHT SWEET - NEW YORK MERCANTILE EXCHANGE",440176.0,34075.0,406101.0
2018-05-08,2018-05-11,067651,"CRUDE OIL, LIGHT SWEET - NEW YORK MERCANTILE EXCHANGE",428558.0,25437.0,403121.0
2018-05-15,2018-05-18,067651,"CRUDE OIL, LIGHT SWEET - NEW YORK MERCANTILE EXCHANGE",406139.0,28683.0,377456.0
2018-05-22,2018-05-25,067651,"CRUDE OIL, LIGHT SWEET - NEW YORK MERCANTILE EXCHANGE",385874.0,31593.0,354281.0
2018-05-29,2018-06-01,067651,"CRUDE OIL, LIGHT SWEET - NEW YORK MERCANTILE EXCHANGE",351076.0,50089.0,300987.0
2018-06-05,2018-06-08,067651,"CRUDE OIL, LIGHT SWEET - NEW YORK MERCANTILE EXCHANGE",341644.0,55468.0,286176.0
2018-06-12,2018-06-15,067651,"CRUDE OIL, LIGHT SWEET - NEW YORK MERCANTILE EXCHANGE",351619.0,61152.0,290467.0
2018-06-19,2018-06-22,067651,"CRUDE OIL, LIGHT SWEET - NEW YORK MERCANTILE EXCHANGE",349807.0,53944.0,295863.0
2018-06-26,2018-06-29,067651,"CRUDE OIL, LIGHT SWEET - NEW YORK MERCANTILE EXCHANGE",398030.0,19159.0,378871.0
2018-07-03,2018-07-06,067651,"CRUDE OIL, LIGHT SWEET - NEW YORK MERCANTILE EXCHANGE",445884.0,15056.0,430828.0
2018-07-10,2018-07-13,067651,"CRUDE OIL, LIGHT SWEET - NEW YORK MERCANTILE EXCHANGE",447069.0,17353.0,429716.0
2018-07-17,2018-07-20,067651,"CRUDE OIL, LIGHT SWEET - NEW YORK MERCANTILE EXCHANGE",404894.0,14132.0,390762.0
2018-07-24,2018-07-27,067651,"CRUDE OIL, LIGHT SWEET - NEW YORK MERCANTILE EXCHANGE",399534.0,15889.0,383645.0
2018-07-31,2018-08-03,067651,"CRUDE OIL, LIGHT SWEET - NEW YORK MERCANTILE EXCHANGE",402496.0,18051.0,384445.0
2018-08-07,2018-08-10,067651,"CRUDE OIL, LIGHT SWEET - NEW YORK MERCANTILE EXCHANGE",396109.0,16864.0,379245.0
2018-08-14,2018-08-17,067651,"CRUDE OIL, LIGHT SWEET - NEW YORK MERCANTILE EXCHANGE",353696.0,21188.0,332508.0
2018-08-21,2018-08-24,067651,"CRUDE OIL, LIGHT SWEET - NEW YORK MERCANTILE EXCHANGE",364895.0,33235.0,331660.0
2018-08-28,2018-08-31,067651,"CRUDE OIL, LIGHT SWEET - NEW YORK MERCANTILE EXCHANGE",378229.0,19992.0,358237.0
2018-09-04,2018-09-07,067651,"CRUDE OIL, LIGHT SWEET - NEW YORK MERCANTILE EXCHANGE",396983.0,19242.0,377741.0
2018-09-11,2018-09-14,067651,"CRUDE OIL, LIGHT SWEET - NEW YORK MERCANTILE EXCHANGE",373377.0,24809.0,348568.0
2018-09-18,2018-09-21,067651,"CRUDE OIL, LIGHT SWEET - NEW YORK MERCANTILE EXCHANGE",352604.0,25847.0,326757.0
2018-09-25,2018-09-28,067651,"CRUDE OIL, LIGHT SWEET - NEW YORK MERCANTILE EXCHANGE",358204.0,24563.0,333641.0
2018-10-02,2018-10-05,067651,"CRUDE OIL, LIGHT SWEET - NEW YORK MERCANTILE EXCHANGE",359337.0,29838.0,329499.0
2018-10-09,2018-10-12,067651,"CRUDE OIL, LIGHT SWEET - NEW YORK MERCANTILE EXCHANGE",334714.0,38037.0,296677.0
2018-10-16,2018-10-19,067651,"CRUDE OIL, LIGHT SWEET - NEW YORK MERCANTILE EXCHANGE",307049.0,57497.0,249552.0
2018-10-23,2018-10-26,067651,"CRUDE OIL, LIGHT SWEET - NEW YORK MERCANTILE EXCHANGE",269291.0,69842.0,199449.0
2018-10-30,2018-11-02,067651,"CRUDE OIL, LIGHT SWEET - NEW YORK MERCANTILE EXCHANGE",255238.0,68728.0,186510.0
2018-11-06,2018-11-09,067651,"CRUDE OIL, LIGHT SWEET - NEW YORK MERCANTILE EXCHANGE",241906.0,93737.0,148169.0
2018-11-13,2018-11-16,067651,"CRUDE OIL, LIGHT SWEET - NEW YORK MERCANTILE EXCHANGE",244987.0,109306.0,135681.0
2018-11-20,2018-11-23,067651,"CRUDE OIL, LIGHT SWEET - NEW YORK MERCANTILE EXCHANGE",235546.0,102596.0,132950.0
2018-11-27,2018-11-30,067651,"CRUDE OIL, LIGHT SWEET - NEW YORK MERCANTILE EXCHANGE",222409.0,93965.0,128444.0
2018-12-04,2018-12-07,067651,"CRUDE OIL, LIGHT SWEET - NEW YORK MERCANTILE EXCHANGE",210034.0,106054.0,103980.0
2018-12-11,2018-12-14,067651,"CRUDE OIL, LIGHT SWEET - NEW YORK MERCANTILE EXCHANGE",206987.0,112347.0,94640.0
2018-12-18,2018-12-21,067651,"CRUDE OIL, LIGHT SWEET - NEW YORK MERCANTILE EXCHANGE",195923.0,128627.0,67296.0
2018-12-24,2018-12-28,067651,"CRUDE OIL, LIGHT SWEET - NEW YORK MERCANTILE EXCHANGE",196962.0,120752.0,76210.0
2018-12-31,2019-01-04,067651,"CRUDE OIL, LIGHT SWEET - NEW YORK MERCANTILE EXCHANGE",203415.0,125298.0,78117.0
2019-01-08,2019-01-11,067651,"CRUDE OIL, LIGHT SWEET - NEW YORK MERCANTILE EXCHANGE",202408.0,142709.0,59699.0
2019-01-15,2019-01-18,067651,"CRUDE OIL, LIGHT SWEET - NEW YORK MERCANTILE EXCHANGE",204610.0,108148.0,96462.0
2019-01-22,2019-01-25,067651,"CRUDE OIL, LIGHT SWEET - NEW YORK MERCANTILE EXCHANGE",214399.0,89168.0,125231.0
2019-01-29,2019-02-01,067651,"CRUDE OIL, LIGHT SWEET - NEW YORK MERCANTILE EXCHANGE",224573.0,70931.0,153642.0
2019-02-05,2019-02-08,067651,"CRUDE OIL, LIGHT SWEET - NEW YORK MERCANTILE EXCHANGE",229031.0,81026.0,148005.0
2019-02-12,2019-02-15,067651,"CRUDE OIL, LIGHT SWEET - NEW YORK MERCANTILE EXCHANGE",219088.0,82705.0,136383.0
2019-02-19,2019-02-22,067651,"CRUDE OIL, LIGHT SWEET - NEW YORK MERCANTILE EXCHANGE",222647.0,79198.0,143449.0
2019-02-26,2019-03-01,067651,"CRUDE OIL, LIGHT SWEET - NEW YORK MERCANTILE EXCHANGE",224313.0,76399.0,147914.0
2019-03-05,2019-03-08,067651,"CRUDE OIL, LIGHT SWEET - NEW YORK MERCANTILE EXCHANGE",239723.0,63656.0,176067.0
2019-03-12,2019-03-15,067651,"CRUDE OIL, LIGHT SWEET - NEW YORK MERCANTILE EXCHANGE",242177.0,58369.0,183808.0
2019-03-19,2019-03-22,067651,"CRUDE OIL, LIGHT SWEET - NEW YORK MERCANTILE EXCHANGE",284974.0,46309.0,238665.0
2019-03-26,2019-03-29,067651,"CRUDE OIL, LIGHT SWEET - NEW YORK MERCANTILE EXCHANGE",305594.0,38543.0,267051.0
2019-04-02,2019-04-05,067651,"CRUDE OIL, LIGHT SWEET - NEW YORK MERCANTILE EXCHANGE",318080.0,32378.0,285702.0
2019-04-09,2019-04-12,067651,"CRUDE OIL, LIGHT SWEET - NEW YORK MERCANTILE EXCHANGE",344229.0,24171.0,320058.0
2019-04-16,2019-04-19,067651,"CRUDE OIL, LIGHT SWEET - NEW YORK MERCANTILE EXCHANGE",345258.0,25210.0,320048.0
2019-04-23,2019-04-26,067651,"CRUDE OIL, LIGHT SWEET - NEW YORK MERCANTILE EXCHANGE",352453.0,22057.0,330396.0
2019-04-30,2019-05-03,067651,"CRUDE OIL, LIGHT SWEET - NEW YORK MERCANTILE EXCHANGE",343484.0,27486.0,315998.0
2019-05-07,2019-05-10,067651,"CRUDE OIL, LIGHT SWEET - NEW YORK MERCANTILE EXCHANGE",319320.0,38192.0,281128.0
2019-05-14,2019-05-17,067651,"CRUDE OIL, LIGHT SWEET - NEW YORK MERCANTILE EXCHANGE",304707.0,40168.0,264539.0
2019-05-21,2019-05-24,067651,"CRUDE OIL, LIGHT SWEET - NEW YORK MERCANTILE EXCHANGE",277839.0,39105.0,238734.0
2019-05-28,2019-05-31,067651,"CRUDE OIL, LIGHT SWEET - NEW YORK MERCANTILE EXCHANGE",257197.0,55890.0,201307.0
2019-06-04,2019-06-07,067651,"CRUDE OIL, LIGHT SWEET - NEW YORK MERCANTILE EXCHANGE",239064.0,68688.0,170376.0
2019-06-11,2019-06-14,067651,"CRUDE OIL, LIGHT SWEET - NEW YORK MERCANTILE EXCHANGE",214928.0,96527.0,118401.0
2019-06-18,2019-06-21,067651,"CRUDE OIL, LIGHT SWEET - NEW YORK MERCANTILE EXCHANGE",223751.0,71072.0,152679.0
2019-06-25,2019-06-28,067651,"CRUDE OIL, LIGHT SWEET - NEW YORK MERCANTILE EXCHANGE",215133.0,53922.0,161211.0
2019-07-02,2019-07-05,067651,"CRUDE OIL, LIGHT SWEET - NEW YORK MERCANTILE EXCHANGE",225003.0,51394.0,173609.0
2019-07-09,2019-07-12,067651,"CRUDE OIL, LIGHT SWEET - NEW YORK MERCANTILE EXCHANGE",224016.0,46979.0,177037.0
2019-07-16,2019-07-19,067651,"CRUDE OIL, LIGHT SWEET - NEW YORK MERCANTILE EXCHANGE",268607.0,48964.0,219643.0
2019-07-23,2019-07-26,067651,"CRUDE OIL, LIGHT SWEET - NEW YORK MERCANTILE EXCHANGE",255681.0,76957.0,178724.0
2019-07-30,2019-08-02,067651,"CRUDE OIL, LIGHT SWEET - NEW YORK MERCANTILE EXCHANGE",259812.0,79192.0,180620.0
2019-08-06,2019-08-09,067651,"CRUDE OIL, LIGHT SWEET - NEW YORK MERCANTILE EXCHANGE",264936.0,86287.0,178649.0
2019-08-13,2019-08-16,067651,"CRUDE OIL, LIGHT SWEET - NEW YORK MERCANTILE EXCHANGE",277969.0,67580.0,210389.0
2019-08-20,2019-08-23,067651,"CRUDE OIL, LIGHT SWEET - NEW YORK MERCANTILE EXCHANGE",269925.0,49493.0,220432.0
2019-08-27,2019-08-30,067651,"CRUDE OIL, LIGHT SWEET - NEW YORK MERCANTILE EXCHANGE",250734.0,57053.0,193681.0
2019-09-03,2019-09-06,067651,"CRUDE OIL, LIGHT SWEET - NEW YORK MERCANTILE EXCHANGE",242150.0,62554.0,179596.0
2019-09-10,2019-09-13,067651,"CRUDE OIL, LIGHT SWEET - NEW YORK MERCANTILE EXCHANGE",262145.0,41657.0,220488.0
2019-09-17,2019-09-20,067651,"CRUDE OIL, LIGHT SWEET - NEW YORK MERCANTILE EXCHANGE",266138.0,39324.0,226814.0
2019-09-24,2019-09-27,067651,"CRUDE OIL, LIGHT SWEET - NEW YORK MERCANTILE EXCHANGE",261776.0,53064.0,208712.0
2019-10-01,2019-10-04,067651,"CRUDE OIL, LIGHT SWEET - NEW YORK MERCANTILE EXCHANGE",217764.0,76541.0,141223.0
2019-10-08,2019-10-11,067651,"CRUDE OIL, LIGHT SWEET - NEW YORK MERCANTILE EXCHANGE",210463.0,113400.0,97063.0
2019-10-15,2019-10-18,067651,"CRUDE OIL, LIGHT SWEET - NEW YORK MERCANTILE EXCHANGE",211183.0,120721.0,90462.0
2019-10-22,2019-10-25,067651,"CRUDE OIL, LIGHT SWEET - NEW YORK MERCANTILE EXCHANGE",229935.0,130083.0,99852.0
2019-10-29,2019-11-01,067651,"CRUDE OIL, LIGHT SWEET - NEW YORK MERCANTILE EXCHANGE",227229.0,115776.0,111453.0
2019-11-05,2019-11-08,067651,"CRUDE OIL, LIGHT SWEET - NEW YORK MERCANTILE EXCHANGE",236564.0,106362.0,130202.0
2019-11-12,2019-11-15,067651,"CRUDE OIL, LIGHT SWEET - NEW YORK MERCANTILE EXCHANGE",226642.0,63123.0,163519.0
2019-11-19,2019-11-22,067651,"CRUDE OIL, LIGHT SWEET - NEW YORK MERCANTILE EXCHANGE",213438.0,75368.0,138070.0
2019-11-26,2019-11-29,067651,"CRUDE OIL, LIGHT SWEET - NEW YORK MERCANTILE EXCHANGE",244968.0,35781.0,209187.0
2019-12-03,2019-12-06,067651,"CRUDE OIL, LIGHT SWEET - NEW YORK MERCANTILE EXCHANGE",214170.0,62981.0,151189.0
2019-12-10,2019-12-13,067651,"CRUDE OIL, LIGHT SWEET - NEW YORK MERCANTILE EXCHANGE",271959.0,30942.0,241017.0
2019-12-17,2019-12-20,067651,"CRUDE OIL, LIGHT SWEET - NEW YORK MERCANTILE EXCHANGE",310460.0,25131.0,285329.0
2019-12-24,2019-12-27,067651,"CRUDE OIL, LIGHT SWEET - NEW YORK MERCANTILE EXCHANGE",324992.0,31272.0,293720.0
2019-12-31,2020-01-03,067651,"CRUDE OIL, LIGHT SWEET - NEW YORK MERCANTILE EXCHANGE",331362.0,30584.0,300778.0
2020-01-07,2020-01-10,067651,"CRUDE OIL, LIGHT SWEET - NEW YORK MERCANTILE EXCHANGE",340235.0,29708.0,310527.0
2020-01-14,2020-01-17,067651,"CRUDE OIL, LIGHT SWEET - NEW YORK MERCANTILE EXCHANGE",285931.0,48882.0,237049.0
2020-01-21,2020-01-24,067651,"CRUDE OIL, LIGHT SWEET - NEW YORK MERCANTILE EXCHANGE",291872.0,48176.0,243696.0
2020-01-28,2020-01-31,067651,"CRUDE OIL, LIGHT SWEET - NEW YORK MERCANTILE EXCHANGE",264171.0,85712.0,178459.0
2020-02-04,2020-02-07,067651,"CRUDE OIL, LIGHT SWEET - NEW YORK MERCANTILE EXCHANGE",249960.0,123251.0,126709.0
2020-02-11,2020-02-14,067651,"CRUDE OIL, LIGHT SWEET - NEW YORK MERCANTILE EXCHANGE",236316.0,123923.0,112393.0
2020-02-18,2020-02-21,067651,"CRUDE OIL, LIGHT SWEET - NEW YORK MERCANTILE EXCHANGE",223429.0,118106.0,105323.0
2020-02-25,2020-02-28,067651,"CRUDE OIL, LIGHT SWEET - NEW YORK MERCANTILE EXCHANGE",215912.0,81481.0,134431.0
2020-03-03,2020-03-06,067651,"CRUDE OIL, LIGHT SWEET - NEW YORK MERCANTILE EXCHANGE",224961.0,114473.0,110488.0
2020-03-10,2020-03-13,067651,"CRUDE OIL, LIGHT SWEET - NEW YORK MERCANTILE EXCHANGE",258780.0,111996.0,146784.0
2020-03-17,2020-03-20,067651,"CRUDE OIL, LIGHT SWEET - NEW YORK MERCANTILE EXCHANGE",233160.0,74993.0,158167.0
2020-03-24,2020-03-27,067651,"CRUDE OIL, LIGHT SWEET - NEW YORK MERCANTILE EXCHANGE",243563.0,78503.0,165060.0
2020-03-31,2020-04-03,067651,"CRUDE OIL, LIGHT SWEET - NEW YORK MERCANTILE EXCHANGE",266671.0,100469.0,166202.0
2020-04-07,2020-04-10,067651,"CRUDE OIL, LIGHT SWEET - NEW YORK MERCANTILE EXCHANGE",271865.0,91542.0,180323.0
2020-04-14,2020-04-17,067651,"CRUDE OIL, LIGHT SWEET - NEW YORK MERCANTILE EXCHANGE",295870.0,100515.0,195355.0
2020-04-21,2020-04-24,067651,"CRUDE OIL, LIGHT SWEET - NEW YORK MERCANTILE EXCHANGE",324667.0,77189.0,247478.0
2020-04-28,2020-05-01,067651,"CRUDE OIL, LIGHT SWEET - NEW YORK MERCANTILE EXCHANGE",384326.0,65960.0,318366.0
2020-05-05,2020-05-08,067651,"CRUDE OIL, LIGHT SWEET - NEW YORK MERCANTILE EXCHANGE",392191.0,63590.0,328601.0
2020-05-12,2020-05-15,067651,"CRUDE OIL, LIGHT SWEET - NEW YORK MERCANTILE EXCHANGE",405071.0,53386.0,351685.0
2020-05-19,2020-05-22,067651,"CRUDE OIL, LIGHT SWEET - NEW YORK MERCANTILE EXCHANGE",401853.0,41670.0,360183.0
2020-05-26,2020-05-29,067651,"CRUDE OIL, LIGHT SWEET - NEW YORK MERCANTILE EXCHANGE",420655.0,45845.0,374810.0
2020-06-02,2020-06-05,067651,"CRUDE OIL, LIGHT SWEET - NEW YORK MERCANTILE EXCHANGE",438274.0,44143.0,394131.0
2020-06-09,2020-06-12,067651,"CRUDE OIL, LIGHT SWEET - NEW YORK MERCANTILE EXCHANGE",444681.0,47132.0,397549.0
2020-06-16,2020-06-19,067651,"CRUDE OIL, LIGHT SWEET - NEW YORK MERCANTILE EXCHANGE",428957.0,55896.0,373061.0
2020-06-23,2020-06-26,067651,"CRUDE OIL, LIGHT SWEET - NEW YORK MERCANTILE EXCHANGE",426549.0,56461.0,370088.0
2020-06-30,2020-07-03,067651,"CRUDE OIL, LIGHT SWEET - NEW YORK MERCANTILE EXCHANGE",435127.0,60260.0,374867.0
2020-07-07,2020-07-10,067651,"CRUDE OIL, LIGHT SWEET - NEW YORK MERCANTILE EXCHANGE",424344.0,63336.0,361008.0
2020-07-14,2020-07-17,067651,"CRUDE OIL, LIGHT SWEET - NEW YORK MERCANTILE EXCHANGE",422842.0,62853.0,359989.0
2020-07-21,2020-07-24,067651,"CRUDE OIL, LIGHT SWEET - NEW YORK MERCANTILE EXCHANGE",430855.0,60733.0,370122.0
2020-07-28,2020-07-31,067651,"CRUDE OIL, LIGHT SWEET - NEW YORK MERCANTILE EXCHANGE",418040.0,66264.0,351776.0
2020-08-04,2020-08-07,067651,"CRUDE OIL, LIGHT SWEET - NEW YORK MERCANTILE EXCHANGE",427869.0,65676.0,362193.0
2020-08-11,2020-08-14,067651,"CRUDE OIL, LIGHT SWEET - NEW YORK MERCANTILE EXCHANGE",421037.0,73041.0,347996.0
2020-08-18,2020-08-21,067651,"CRUDE OIL, LIGHT SWEET - NEW YORK MERCANTILE EXCHANGE",412744.0,76008.0,336736.0
2020-08-25,2020-08-28,067651,"CRUDE OIL, LIGHT SWEET - NEW YORK MERCANTILE EXCHANGE",421127.0,89342.0,331785.0
2020-09-01,2020-09-04,067651,"CRUDE OIL, LIGHT SWEET - NEW YORK MERCANTILE EXCHANGE",422645.0,93057.0,329588.0
2020-09-08,2020-09-11,067651,"CRUDE OIL, LIGHT SWEET - NEW YORK MERCANTILE EXCHANGE",381443.0,120324.0,261119.0
2020-09-15,2020-09-18,067651,"CRUDE OIL, LIGHT SWEET - NEW YORK MERCANTILE EXCHANGE",401067.0,109201.0,291866.0
2020-09-22,2020-09-25,067651,"CRUDE OIL, LIGHT SWEET - NEW YORK MERCANTILE EXCHANGE",412708.0,89492.0,323216.0
2020-09-29,2020-10-02,067651,"CRUDE OIL, LIGHT SWEET - NEW YORK MERCANTILE EXCHANGE",401864.0,99406.0,302458.0
2020-10-06,2020-10-09,067651,"CRUDE OIL, LIGHT SWEET - NEW YORK MERCANTILE EXCHANGE",403194.0,96499.0,306695.0
2020-10-13,2020-10-16,067651,"CRUDE OIL, LIGHT SWEET - NEW YORK MERCANTILE EXCHANGE",386213.0,88174.0,298039.0
2020-10-20,2020-10-23,067651,"CRUDE OIL, LIGHT SWEET - NEW YORK MERCANTILE EXCHANGE",409109.0,71572.0,337537.0
2020-10-27,2020-10-30,067651,"CRUDE OIL, LIGHT SWEET - NEW YORK MERCANTILE EXCHANGE",396466.0,96127.0,300339.0
2020-11-03,2020-11-06,067651,"CRUDE OIL, LIGHT SWEET - NEW YORK MERCANTILE EXCHANGE",370065.0,106626.0,263439.0
2020-11-10,2020-11-13,067651,"CRUDE OIL, LIGHT SWEET - NEW YORK MERCANTILE EXCHANGE",370004.0,75663.0,294341.0
2020-11-17,2020-11-20,067651,"CRUDE OIL, LIGHT SWEET - NEW YORK MERCANTILE EXCHANGE",383673.0,83845.0,299828.0
2020-11-24,2020-11-27,067651,"CRUDE OIL, LIGHT SWEET - NEW YORK MERCANTILE EXCHANGE",402988.0,72886.0,330102.0
2020-12-01,2020-12-04,067651,"CRUDE OIL, LIGHT SWEET - NEW YORK MERCANTILE EXCHANGE",406334.0,67800.0,338534.0
2020-12-08,2020-12-11,067651,"CRUDE OIL, LIGHT SWEET - NEW YORK MERCANTILE EXCHANGE",406664.0,67302.0,339362.0
2020-12-15,2020-12-18,067651,"CRUDE OIL, LIGHT SWEET - NEW YORK MERCANTILE EXCHANGE",405466.0,59849.0,345617.0
2020-12-21,2020-12-25,067651,"CRUDE OIL, LIGHT SWEET - NEW YORK MERCANTILE EXCHANGE",396098.0,60329.0,335769.0
2020-12-29,2021-01-01,067651,"CRUDE OIL, LIGHT SWEET - NEW YORK MERCANTILE EXCHANGE",393133.0,60770.0,332363.0
2021-01-05,2021-01-08,067651,"CRUDE OIL, LIGHT SWEET - NEW YORK MERCANTILE EXCHANGE",407901.0,76702.0,331199.0
2021-01-12,2021-01-15,067651,"CRUDE OIL, LIGHT SWEET - NEW YORK MERCANTILE EXCHANGE",421098.0,73054.0,348044.0
2021-01-19,2021-01-22,067651,"CRUDE OIL, LIGHT SWEET - NEW YORK MERCANTILE EXCHANGE",414975.0,70266.0,344709.0
2021-01-26,2021-01-29,067651,"CRUDE OIL, LIGHT SWEET - NEW YORK MERCANTILE EXCHANGE",414159.0,77918.0,336241.0
2021-02-02,2021-02-05,067651,"CRUDE OIL, LIGHT SWEET - NEW YORK MERCANTILE EXCHANGE",422487.0,77254.0,345233.0
2021-02-09,2021-02-12,067651,"CRUDE OIL, LIGHT SWEET - NEW YORK MERCANTILE EXCHANGE",436352.0,66871.0,369481.0
2021-02-16,2021-02-19,067651,"CRUDE OIL, LIGHT SWEET - NEW YORK MERCANTILE EXCHANGE",434675.0,55703.0,378972.0
2021-02-23,2021-02-26,067651,"CRUDE OIL, LIGHT SWEET - NEW YORK MERCANTILE EXCHANGE",423837.0,59607.0,364230.0
2021-03-02,2021-03-05,067651,"CRUDE OIL, LIGHT SWEET - NEW YORK MERCANTILE EXCHANGE",430087.0,66696.0,363391.0
2021-03-09,2021-03-12,067651,"CRUDE OIL, LIGHT SWEET - NEW YORK MERCANTILE EXCHANGE",420512.0,56366.0,364146.0
2021-03-16,2021-03-19,067651,"CRUDE OIL, LIGHT SWEET - NEW YORK MERCANTILE EXCHANGE",417412.0,54979.0,362433.0
2021-03-23,2021-03-26,067651,"CRUDE OIL, LIGHT SWEET - NEW YORK MERCANTILE EXCHANGE",408942.0,55578.0,353364.0
2021-03-30,2021-04-02,067651,"CRUDE OIL, LIGHT SWEET - NEW YORK MERCANTILE EXCHANGE",400868.0,44950.0,355918.0
2021-04-06,2021-04-09,067651,"CRUDE OIL, LIGHT SWEET - NEW YORK MERCANTILE EXCHANGE",377544.0,43151.0,334393.0
2021-04-13,2021-04-16,067651,"CRUDE OIL, LIGHT SWEET - NEW YORK MERCANTILE EXCHANGE",390723.0,47132.0,343591.0
2021-04-20,2021-04-23,067651,"CRUDE OIL, LIGHT SWEET - NEW YORK MERCANTILE EXCHANGE",395792.0,58051.0,337741.0
2021-04-27,2021-04-30,067651,"CRUDE OIL, LIGHT SWEET - NEW YORK MERCANTILE EXCHANGE",397664.0,52727.0,344937.0
2021-05-04,2021-05-07,067651,"CRUDE OIL, LIGHT SWEET - NEW YORK MERCANTILE EXCHANGE",409731.0,54415.0,355316.0
2021-05-11,2021-05-14,067651,"CRUDE OIL, LIGHT SWEET - NEW YORK MERCANTILE EXCHANGE",390384.0,59364.0,331020.0
2021-05-18,2021-05-21,067651,"CRUDE OIL, LIGHT SWEET - NEW YORK MERCANTILE EXCHANGE",370034.0,55200.0,314834.0
2021-05-25,2021-05-28,067651,"CRUDE OIL, LIGHT SWEET - NEW YORK MERCANTILE EXCHANGE",387043.0,60769.0,326274.0
2021-06-01,2021-06-04,067651,"CRUDE OIL, LIGHT SWEET - NEW YORK MERCANTILE EXCHANGE",403072.0,57026.0,346046.0
2021-06-08,2021-06-11,067651,"CRUDE OIL, LIGHT SWEET - NEW YORK MERCANTILE EXCHANGE",416686.0,45277.0,371409.0
2021-06-15,2021-06-18,067651,"CRUDE OIL, LIGHT SWEET - NEW YORK MERCANTILE EXCHANGE",418130.0,35519.0,382611.0
2021-06-22,2021-06-25,067651,"CRUDE OIL, LIGHT SWEET - NEW YORK MERCANTILE EXCHANGE",423778.0,49381.0,374397.0
2021-06-29,2021-07-02,067651,"CRUDE OIL, LIGHT SWEET - NEW YORK MERCANTILE EXCHANGE",409136.0,53033.0,356103.0
2021-07-06,2021-07-09,067651,"CRUDE OIL, LIGHT SWEET - NEW YORK MERCANTILE EXCHANGE",379903.0,54024.0,325879.0
2021-07-13,2021-07-16,067651,"CRUDE OIL, LIGHT SWEET - NEW YORK MERCANTILE EXCHANGE",385078.0,56135.0,328943.0
2021-07-20,2021-07-23,067651,"CRUDE OIL, LIGHT SWEET - NEW YORK MERCANTILE EXCHANGE",343853.0,63502.0,280351.0
2021-07-27,2021-07-30,067651,"CRUDE OIL, LIGHT SWEET - NEW YORK MERCANTILE EXCHANGE",353278.0,75668.0,277610.0
2021-08-03,2021-08-06,067651,"CRUDE OIL, LIGHT SWEET - NEW YORK MERCANTILE EXCHANGE",337498.0,77258.0,260240.0
2021-08-10,2021-08-13,067651,"CRUDE OIL, LIGHT SWEET - NEW YORK MERCANTILE EXCHANGE",325266.0,77724.0,247542.0
2021-08-17,2021-08-20,067651,"CRUDE OIL, LIGHT SWEET - NEW YORK MERCANTILE EXCHANGE",321982.0,72807.0,249175.0
2021-08-24,2021-08-27,067651,"CRUDE OIL, LIGHT SWEET - NEW YORK MERCANTILE EXCHANGE",318887.0,78759.0,240128.0
2021-08-31,2021-09-03,067651,"CRUDE OIL, LIGHT SWEET - NEW YORK MERCANTILE EXCHANGE",319625.0,80681.0,238944.0
2021-09-07,2021-09-10,067651,"CRUDE OIL, LIGHT SWEET - NEW YORK MERCANTILE EXCHANGE",316871.0,81414.0,235457.0
2021-09-14,2021-09-17,067651,"CRUDE OIL, LIGHT SWEET - NEW YORK MERCANTILE EXCHANGE",329804.0,71573.0,258231.0
2021-09-21,2021-09-24,067651,"CRUDE OIL, LIGHT SWEET - NEW YORK MERCANTILE EXCHANGE",325231.0,79421.0,245810.0
2021-09-28,2021-10-01,067651,"CRUDE OIL, LIGHT SWEET - NEW YORK MERCANTILE EXCHANGE",339873.0,81956.0,257917.0
2021-10-05,2021-10-08,067651,"CRUDE OIL, LIGHT SWEET - NEW YORK MERCANTILE EXCHANGE",353154.0,75048.0,278106.0
2021-10-12,2021-10-15,067651,"CRUDE OIL, LIGHT SWEET - NEW YORK MERCANTILE EXCHANGE",366395.0,72247.0,294148.0
2021-10-19,2021-10-22,067651,"CRUDE OIL, LIGHT SWEET - NEW YORK MERCANTILE EXCHANGE",362657.0,61183.0,301474.0
2021-10-26,2021-10-29,067651,"CRUDE OIL, LIGHT SWEET - NEW YORK MERCANTILE EXCHANGE",347075.0,55467.0,291608.0
2021-11-02,2021-11-05,067651,"CRUDE OIL, LIGHT SWEET - NEW YORK MERCANTILE EXCHANGE",336559.0,58742.0,277817.0
2021-11-09,2021-11-12,067651,"CRUDE OIL, LIGHT SWEET - NEW YORK MERCANTILE EXCHANGE",348456.0,52223.0,296233.0
2021-11-16,2021-11-19,067651,"CRUDE OIL, LIGHT SWEET - NEW YORK MERCANTILE EXCHANGE",312775.0,41028.0,271747.0
2021-11-23,2021-11-26,067651,"CRUDE OIL, LIGHT SWEET - NEW YORK MERCANTILE EXCHANGE",316079.0,47739.0,268340.0
2021-11-30,2021-12-03,067651,"CRUDE OIL, LIGHT SWEET - NEW YORK MERCANTILE EXCHANGE",301458.0,67752.0,233706.0
2021-12-07,2021-12-10,067651,"CRUDE OIL, LIGHT SWEET - NEW YORK MERCANTILE EXCHANGE",296637.0,70144.0,226493.0
2021-12-14,2021-12-17,067651,"CRUDE OIL, LIGHT SWEET - NEW YORK MERCANTILE EXCHANGE",288931.0,77077.0,211854.0
2021-12-21,2021-12-24,067651,"CRUDE OIL, LIGHT SWEET - NEW YORK MERCANTILE EXCHANGE",292183.0,75270.0,216913.0
2021-12-28,2021-12-31,067651,"CRUDE OIL, LIGHT SWEET - NEW YORK MERCANTILE EXCHANGE",298738.0,64865.0,233873.0
2022-01-04,2022-01-07,067651,"CRUDE OIL, LIGHT SWEET - NEW YORK MERCANTILE EXCHANGE",298199.0,64844.0,233355.0
2022-01-11,2022-01-14,067651,"CRUDE OIL, LIGHT SWEET - NEW YORK MERCANTILE EXCHANGE",309691.0,51037.0,258654.0
2022-01-18,2022-01-21,067651,"CRUDE OIL, LIGHT SWEET - NEW YORK MERCANTILE EXCHANGE",324378.0,44867.0,279511.0
2022-01-25,2022-01-28,067651,"CRUDE OIL, LIGHT SWEET - NEW YORK MERCANTILE EXCHANGE",308832.0,44978.0,263854.0
2022-02-01,2022-02-04,067651,"CRUDE OIL, LIGHT SWEET - NEW YORK MERCANTILE EXCHANGE",312271.0,43136.0,269135.0
2022-02-08,2022-02-11,067651,WTI-PHYSICAL - NEW YORK MERCANTILE EXCHANGE,306282.0,45638.0,260644.0
2022-02-15,2022-02-18,067651,WTI-PHYSICAL - NEW YORK MERCANTILE EXCHANGE,291400.0,37945.0,253455.0
2022-02-22,2022-02-25,067651,WTI-PHYSICAL - NEW YORK MERCANTILE EXCHANGE,278790.0,45553.0,233237.0
2022-03-01,2022-03-04,067651,WTI-PHYSICAL - NEW YORK MERCANTILE EXCHANGE,287396.0,43119.0,244277.0
2022-03-08,2022-03-11,067651,WTI-PHYSICAL - NEW YORK MERCANTILE EXCHANGE,276775.0,41938.0,234837.0
2022-03-15,2022-03-18,067651,WTI-PHYSICAL - NEW YORK MERCANTILE EXCHANGE,266577.0,42926.0,223651.0
2022-03-22,2022-03-25,067651,WTI-PHYSICAL - NEW YORK MERCANTILE EXCHANGE,261939.0,45315.0,216624.0
2022-03-29,2022-04-01,067651,WTI-PHYSICAL - NEW YORK MERCANTILE EXCHANGE,256790.0,44756.0,212034.0
2022-04-05,2022-04-08,067651,WTI-PHYSICAL - NEW YORK MERCANTILE EXCHANGE,250332.0,44737.0,205595.0
2022-04-12,2022-04-15,067651,WTI-PHYSICAL - NEW YORK MERCANTILE EXCHANGE,255201.0,47884.0,207317.0
2022-04-19,2022-04-22,067651,WTI-PHYSICAL - NEW YORK MERCANTILE EXCHANGE,254661.0,47877.0,206784.0
2022-04-26,2022-04-29,067651,WTI-PHYSICAL - NEW YORK MERCANTILE EXCHANGE,258898.0,37947.0,220951.0
2022-05-03,2022-05-06,067651,WTI-PHYSICAL - NEW YORK MERCANTILE EXCHANGE,261383.0,36857.0,224526.0
2022-05-10,2022-05-13,067651,WTI-PHYSICAL - NEW YORK MERCANTILE EXCHANGE,262116.0,40015.0,222101.0
2022-05-17,2022-05-20,067651,WTI-PHYSICAL - NEW YORK MERCANTILE EXCHANGE,291322.0,27474.0,263848.0
2022-05-24,2022-05-27,067651,WTI-PHYSICAL - NEW YORK MERCANTILE EXCHANGE,287463.0,29804.0,257659.0
2022-05-31,2022-06-03,067651,WTI-PHYSICAL - NEW YORK MERCANTILE EXCHANGE,291899.0,26192.0,265707.0
2022-06-07,2022-06-10,067651,WTI-PHYSICAL - NEW YORK MERCANTILE EXCHANGE,290174.0,26693.0,263481.0
2022-06-14,2022-06-17,067651,WTI-PHYSICAL - NEW YORK MERCANTILE EXCHANGE,282212.0,32372.0,249840.0
2022-06-21,2022-06-24,067651,WTI-PHYSICAL - NEW YORK MERCANTILE EXCHANGE,254988.0,38635.0,216353.0
2022-06-28,2022-07-01,067651,WTI-PHYSICAL - NEW YORK MERCANTILE EXCHANGE,261002.0,35253.0,225749.0
2022-07-05,2022-07-08,067651,WTI-PHYSICAL - NEW YORK MERCANTILE EXCHANGE,245861.0,54159.0,191702.0
2022-07-12,2022-07-15,067651,WTI-PHYSICAL - NEW YORK MERCANTILE EXCHANGE,244944.0,44449.0,200495.0
2022-07-19,2022-07-22,067651,WTI-PHYSICAL - NEW YORK MERCANTILE EXCHANGE,253328.0,41916.0,211412.0
2022-07-26,2022-07-29,067651,WTI-PHYSICAL - NEW YORK MERCANTILE EXCHANGE,243710.0,43534.0,200176.0
2022-08-02,2022-08-05,067651,WTI-PHYSICAL - NEW YORK MERCANTILE EXCHANGE,224177.0,45634.0,178543.0
2022-08-09,2022-08-12,067651,WTI-PHYSICAL - NEW YORK MERCANTILE EXCHANGE,207962.0,58045.0,149917.0
2022-08-16,2022-08-19,067651,WTI-PHYSICAL - NEW YORK MERCANTILE EXCHANGE,203553.0,68235.0,135318.0
2022-08-23,2022-08-26,067651,WTI-PHYSICAL - NEW YORK MERCANTILE EXCHANGE,203267.0,42940.0,160327.0
2022-08-30,2022-09-02,067651,WTI-PHYSICAL - NEW YORK MERCANTILE EXCHANGE,200782.0,53127.0,147655.0
2022-09-06,2022-09-09,067651,WTI-PHYSICAL - NEW YORK MERCANTILE EXCHANGE,198513.0,53303.0,145210.0
2022-09-13,2022-09-16,067651,WTI-PHYSICAL - NEW YORK MERCANTILE EXCHANGE,202300.0,43952.0,158348.0
2022-09-20,2022-09-23,067651,WTI-PHYSICAL - NEW YORK MERCANTILE EXCHANGE,206193.0,41165.0,165028.0
2022-09-27,2022-09-30,067651,WTI-PHYSICAL - NEW YORK MERCANTILE EXCHANGE,190822.0,51655.0,139167.0
2022-10-04,2022-10-07,067651,WTI-PHYSICAL - NEW YORK MERCANTILE EXCHANGE,195247.0,36371.0,158876.0
2022-10-11,2022-10-14,067651,WTI-PHYSICAL - NEW YORK MERCANTILE EXCHANGE,210330.0,32841.0,177489.0
2022-10-18,2022-10-21,067651,WTI-PHYSICAL - NEW YORK MERCANTILE EXCHANGE,195314.0,47335.0,147979.0
2022-10-25,2022-10-28,067651,WTI-PHYSICAL - NEW YORK MERCANTILE EXCHANGE,197343.0,43660.0,153683.0
2022-11-01,2022-11-04,067651,WTI-PHYSICAL - NEW YORK MERCANTILE EXCHANGE,212424.0,43011.0,169413.0
2022-11-08,2022-11-11,067651,WTI-PHYSICAL - NEW YORK MERCANTILE EXCHANGE,229598.0,43942.0,185656.0
2022-11-15,2022-11-18,067651,WTI-PHYSICAL - NEW YORK MERCANTILE EXCHANGE,212532.0,46241.0,166291.0
2022-11-22,2022-11-25,067651,WTI-PHYSICAL - NEW YORK MERCANTILE EXCHANGE,196423.0,49260.0,147163.0
2022-11-29,2022-12-02,067651,WTI-PHYSICAL - NEW YORK MERCANTILE EXCHANGE,186206.0,46409.0,139797.0
2022-12-06,2022-12-09,067651,WTI-PHYSICAL - NEW YORK MERCANTILE EXCHANGE,208273.0,64192.0,144081.0
2022-12-13,2022-12-16,067651,WTI-PHYSICAL - NEW YORK MERCANTILE EXCHANGE,209842.0,65359.0,144483.0
2022-12-20,2022-12-23,067651,WTI-PHYSICAL - NEW YORK MERCANTILE EXCHANGE,213065.0,50393.0,162672.0
2022-12-27,2022-12-30,067651,WTI-PHYSICAL - NEW YORK MERCANTILE EXCHANGE,212511.0,43509.0,169002.0
2023-01-03,2023-01-06,067651,WTI-PHYSICAL - NEW YORK MERCANTILE EXCHANGE,201793.0,62953.0,138840.0
2023-01-10,2023-01-13,067651,WTI-PHYSICAL - NEW YORK MERCANTILE EXCHANGE,191544.0,62212.0,129332.0
2023-01-17,2023-01-20,067651,WTI-PHYSICAL - NEW YORK MERCANTILE EXCHANGE,200164.0,41349.0,158815.0
2023-01-24,2023-01-27,067651,WTI-PHYSICAL - NEW YORK MERCANTILE EXCHANGE,197545.0,34535.0,163010.0
2023-01-31,2023-02-03,067651,WTI-PHYSICAL - NEW YORK MERCANTILE EXCHANGE,206008.0,48582.0,157426.0
2023-02-07,2023-02-10,067651,WTI-PHYSICAL - NEW YORK MERCANTILE EXCHANGE,207741.0,61735.0,146006.0
2023-02-14,2023-02-17,067651,WTI-PHYSICAL - NEW YORK MERCANTILE EXCHANGE,218288.0,54509.0,163779.0
2023-02-21,2023-02-24,067651,WTI-PHYSICAL - NEW YORK MERCANTILE EXCHANGE,199714.0,65678.0,134036.0
2023-02-28,2023-03-03,067651,WTI-PHYSICAL - NEW YORK MERCANTILE EXCHANGE,210034.0,70080.0,139954.0
2023-03-07,2023-03-10,067651,WTI-PHYSICAL - NEW YORK MERCANTILE EXCHANGE,206873.0,59936.0,146937.0
2023-03-14,2023-03-17,067651,WTI-PHYSICAL - NEW YORK MERCANTILE EXCHANGE,185607.0,89321.0,96286.0
2023-03-21,2023-03-24,067651,WTI-PHYSICAL - NEW YORK MERCANTILE EXCHANGE,178905.0,126758.0,52147.0
2023-03-28,2023-03-31,067651,WTI-PHYSICAL - NEW YORK MERCANTILE EXCHANGE,174327.0,76400.0,97927.0
2023-04-04,2023-04-07,067651,WTI-PHYSICAL - NEW YORK MERCANTILE EXCHANGE,200741.0,34478.0,166263.0
2023-04-11,2023-04-14,067651,WTI-PHYSICAL - NEW YORK MERCANTILE EXCHANGE,212632.0,24338.0,188294.0
2023-04-18,2023-04-21,067651,WTI-PHYSICAL - NEW YORK MERCANTILE EXCHANGE,221223.0,29482.0,191741.0
2023-04-25,2023-04-28,067651,WTI-PHYSICAL - NEW YORK MERCANTILE EXCHANGE,215016.0,40926.0,174090.0
2023-05-02,2023-05-05,067651,WTI-PHYSICAL - NEW YORK MERCANTILE EXCHANGE,188610.0,56779.0,131831.0
2023-05-09,2023-05-12,067651,WTI-PHYSICAL - NEW YORK MERCANTILE EXCHANGE,209337.0,62081.0,147256.0
2023-05-16,2023-05-19,067651,WTI-PHYSICAL - NEW YORK MERCANTILE EXCHANGE,209384.0,77714.0,131670.0
2023-05-23,2023-05-26,067651,WTI-PHYSICAL - NEW YORK MERCANTILE EXCHANGE,196246.0,76588.0,119658.0
2023-05-30,2023-06-02,067651,WTI-PHYSICAL - NEW YORK MERCANTILE EXCHANGE,185237.0,106797.0,78440.0
2023-06-06,2023-06-09,067651,WTI-PHYSICAL - NEW YORK MERCANTILE EXCHANGE,196737.0,115383.0,81354.0
2023-06-13,2023-06-16,067651,WTI-PHYSICAL - NEW YORK MERCANTILE EXCHANGE,209069.0,138025.0,71044.0
2023-06-20,2023-06-23,067651,WTI-PHYSICAL - NEW YORK MERCANTILE EXCHANGE,210478.0,118736.0,91742.0
2023-06-27,2023-06-30,067651,WTI-PHYSICAL - NEW YORK MERCANTILE EXCHANGE,202078.0,145858.0,56220.0
2023-07-03,2023-07-07,067651,WTI-PHYSICAL - NEW YORK MERCANTILE EXCHANGE,195740.0,117712.0,78028.0
2023-07-11,2023-07-14,067651,WTI-PHYSICAL - NEW YORK MERCANTILE EXCHANGE,223385.0,101082.0,122303.0
2023-07-18,2023-07-21,067651,WTI-PHYSICAL - NEW YORK MERCANTILE EXCHANGE,242461.0,80540.0,161921.0
2023-07-25,2023-07-28,067651,WTI-PHYSICAL - NEW YORK MERCANTILE EXCHANGE,244610.0,61760.0,182850.0
2023-08-01,2023-08-04,067651,WTI-PHYSICAL - NEW YORK MERCANTILE EXCHANGE,256964.0,58029.0,198935.0
2023-08-08,2023-08-11,067651,WTI-PHYSICAL - NEW YORK MERCANTILE EXCHANGE,256368.0,50993.0,205375.0
2023-08-15,2023-08-18,067651,WTI-PHYSICAL - NEW YORK MERCANTILE EXCHANGE,239367.0,65525.0,173842.0
2023-08-22,2023-08-25,067651,WTI-PHYSICAL - NEW YORK MERCANTILE EXCHANGE,219601.0,75393.0,144208.0
2023-08-29,2023-09-01,067651,WTI-PHYSICAL - NEW YORK MERCANTILE EXCHANGE,225285.0,53520.0,171765.0
2023-09-05,2023-09-08,067651,WTI-PHYSICAL - NEW YORK MERCANTILE EXCHANGE,268738.0,35820.0,232918.0
2023-09-12,2023-09-15,067651,WTI-PHYSICAL - NEW YORK MERCANTILE EXCHANGE,293746.0,29716.0,264030.0
2023-09-19,2023-09-22,067651,WTI-PHYSICAL - NEW YORK MERCANTILE EXCHANGE,311274.0,29654.0,281620.0
2023-09-26,2023-09-29,067651,WTI-PHYSICAL - NEW YORK MERCANTILE EXCHANGE,330645.0,28985.0,301660.0
2023-10-03,2023-10-06,067651,WTI-PHYSICAL - NEW YORK MERCANTILE EXCHANGE,323533.0,30298.0,293235.0
2023-10-10,2023-10-13,067651,WTI-PHYSICAL - NEW YORK MERCANTILE EXCHANGE,281221.0,26677.0,254544.0
2023-10-17,2023-10-20,067651,WTI-PHYSICAL - NEW YORK MERCANTILE EXCHANGE,243150.0,40006.0,203144.0
2023-10-24,2023-10-27,067651,WTI-PHYSICAL - NEW YORK MERCANTILE EXCHANGE,247886.0,51910.0,195976.0
2023-10-31,2023-11-03,067651,WTI-PHYSICAL - NEW YORK MERCANTILE EXCHANGE,220229.0,84165.0,136064.0
2023-11-07,2023-11-10,067651,WTI-PHYSICAL - NEW YORK MERCANTILE EXCHANGE,218063.0,106754.0,111309.0
2023-11-14,2023-11-17,067651,WTI-PHYSICAL - NEW YORK MERCANTILE EXCHANGE,213109.0,113546.0,99563.0
2023-11-21,2023-11-24,067651,WTI-PHYSICAL - NEW YORK MERCANTILE EXCHANGE,200481.0,115552.0,84929.0
2023-11-28,2023-12-01,067651,WTI-PHYSICAL - NEW YORK MERCANTILE EXCHANGE,203808.0,125492.0,78316.0
2023-12-05,2023-12-08,067651,WTI-PHYSICAL - NEW YORK MERCANTILE EXCHANGE,201196.0,138419.0,62777.0
2023-12-12,2023-12-15,067651,WTI-PHYSICAL - NEW YORK MERCANTILE EXCHANGE,189511.0,143599.0,45912.0
2023-12-19,2023-12-22,067651,WTI-PHYSICAL - NEW YORK MERCANTILE EXCHANGE,193729.0,106401.0,87328.0
2023-12-26,2023-12-29,067651,WTI-PHYSICAL - NEW YORK MERCANTILE EXCHANGE,204638.0,97235.0,107403.0
2024-01-02,2024-01-05,067651,WTI-PHYSICAL - NEW YORK MERCANTILE EXCHANGE,199139.0,132576.0,66563.0
2024-01-09,2024-01-12,067651,WTI-PHYSICAL - NEW YORK MERCANTILE EXCHANGE,201782.0,110826.0,90956.0
2024-01-16,2024-01-19,067651,WTI-PHYSICAL - NEW YORK MERCANTILE EXCHANGE,196664.0,124191.0,72473.0
2024-01-23,2024-01-26,067651,WTI-PHYSICAL - NEW YORK MERCANTILE EXCHANGE,211002.0,89252.0,121750.0
2024-01-30,2024-02-02,067651,WTI-PHYSICAL - NEW YORK MERCANTILE EXCHANGE,213400.0,75885.0,137515.0
2024-02-06,2024-02-09,067651,WTI-PHYSICAL - NEW YORK MERCANTILE EXCHANGE,167934.0,90861.0,77073.0
2024-02-13,2024-02-16,067651,WTI-PHYSICAL - NEW YORK MERCANTILE EXCHANGE,180235.0,80047.0,100188.0
2024-02-20,2024-02-23,067651,WTI-PHYSICAL - NEW YORK MERCANTILE EXCHANGE,193300.0,69904.0,123396.0
2024-02-27,2024-03-01,067651,WTI-PHYSICAL - NEW YORK MERCANTILE EXCHANGE,217215.0,50677.0,166538.0
2024-03-05,2024-03-08,067651,WTI-PHYSICAL - NEW YORK MERCANTILE EXCHANGE,210194.0,35609.0,174585.0
2024-03-12,2024-03-15,067651,WTI-PHYSICAL - NEW YORK MERCANTILE EXCHANGE,199527.0,38934.0,160593.0
2024-03-19,2024-03-22,067651,WTI-PHYSICAL - NEW YORK MERCANTILE EXCHANGE,236945.0,31261.0,205684.0
2024-03-26,2024-03-29,067651,WTI-PHYSICAL - NEW YORK MERCANTILE EXCHANGE,251670.0,45876.0,205794.0
2024-04-02,2024-04-05,067651,WTI-PHYSICAL - NEW YORK MERCANTILE EXCHANGE,261334.0,45491.0,215843.0
2024-04-09,2024-04-12,067651,WTI-PHYSICAL - NEW YORK MERCANTILE EXCHANGE,271319.0,49187.0,222132.0
2024-04-16,2024-04-19,067651,WTI-PHYSICAL - NEW YORK MERCANTILE EXCHANGE,267691.0,81905.0,185786.0
2024-04-23,2024-04-26,067651,WTI-PHYSICAL - NEW YORK MERCANTILE EXCHANGE,238825.0,77423.0,161402.0
2024-04-30,2024-05-03,067651,WTI-PHYSICAL - NEW YORK MERCANTILE EXCHANGE,245431.0,86726.0,158705.0
2024-05-07,2024-05-10,067651,WTI-PHYSICAL - NEW YORK MERCANTILE EXCHANGE,207621.0,103102.0,104519.0
2024-05-14,2024-05-17,067651,WTI-PHYSICAL - NEW YORK MERCANTILE EXCHANGE,201164.0,81932.0,119232.0
2024-05-21,2024-05-24,067651,WTI-PHYSICAL - NEW YORK MERCANTILE EXCHANGE,215685.0,54138.0,161547.0
2024-05-28,2024-05-31,067651,WTI-PHYSICAL - NEW YORK MERCANTILE EXCHANGE,233415.0,37230.0,196185.0
2024-06-04,2024-06-07,067651,WTI-PHYSICAL - NEW YORK MERCANTILE EXCHANGE,209744.0,64432.0,145312.0
2024-06-11,2024-06-14,067651,WTI-PHYSICAL - NEW YORK MERCANTILE EXCHANGE,215373.0,28691.0,186682.0
2024-06-18,2024-06-21,067651,WTI-PHYSICAL - NEW YORK MERCANTILE EXCHANGE,227938.0,47304.0,180634.0
2024-06-25,2024-06-28,067651,WTI-PHYSICAL - NEW YORK MERCANTILE EXCHANGE,261959.0,37321.0,224638.0
2024-07-02,2024-07-05,067651,WTI-PHYSICAL - NEW YORK MERCANTILE EXCHANGE,267529.0,34326.0,233203.0
2024-07-09,2024-07-12,067651,WTI-PHYSICAL - NEW YORK MERCANTILE EXCHANGE,271012.0,31000.0,240012.0
2024-07-16,2024-07-19,067651,WTI-PHYSICAL - NEW YORK MERCANTILE EXCHANGE,276160.0,27659.0,248501.0
2024-07-23,2024-07-26,067651,WTI-PHYSICAL - NEW YORK MERCANTILE EXCHANGE,258257.0,33216.0,225041.0
2024-07-30,2024-08-02,067651,WTI-PHYSICAL - NEW YORK MERCANTILE EXCHANGE,226272.0,27022.0,199250.0
2024-08-06,2024-08-09,067651,WTI-PHYSICAL - NEW YORK MERCANTILE EXCHANGE,216359.0,43725.0,172634.0
2024-08-13,2024-08-16,067651,WTI-PHYSICAL - NEW YORK MERCANTILE EXCHANGE,216524.0,24759.0,191765.0
2024-08-20,2024-08-23,067651,WTI-PHYSICAL - NEW YORK MERCANTILE EXCHANGE,204954.0,35041.0,169913.0
2024-08-27,2024-08-30,067651,WTI-PHYSICAL - NEW YORK MERCANTILE EXCHANGE,210977.0,31008.0,179969.0
2024-09-03,2024-09-06,067651,WTI-PHYSICAL - NEW YORK MERCANTILE EXCHANGE,184324.0,69056.0,115268.0
2024-09-10,2024-09-13,067651,WTI-PHYSICAL - NEW YORK MERCANTILE EXCHANGE,188368.0,92535.0,95833.0
2024-09-17,2024-09-20,067651,WTI-PHYSICAL - NEW YORK MERCANTILE EXCHANGE,187270.0,56497.0,130773.0
2024-09-24,2024-09-27,067651,WTI-PHYSICAL - NEW YORK MERCANTILE EXCHANGE,211573.0,52491.0,159082.0
2024-10-01,2024-10-04,067651,WTI-PHYSICAL - NEW YORK MERCANTILE EXCHANGE,205645.0,68716.0,136929.0
2024-10-08,2024-10-11,067651,WTI-PHYSICAL - NEW YORK MERCANTILE EXCHANGE,191953.0,60890.0,131063.0
2024-10-15,2024-10-18,067651,WTI-PHYSICAL - NEW YORK MERCANTILE EXCHANGE,170958.0,52412.0,118546.0
2024-10-22,2024-10-25,067651,WTI-PHYSICAL - NEW YORK MERCANTILE EXCHANGE,161903.0,59957.0,101946.0
2024-10-29,2024-11-01,067651,WTI-PHYSICAL - NEW YORK MERCANTILE EXCHANGE,168343.0,76710.0,91633.0
2024-11-05,2024-11-08,067651,WTI-PHYSICAL - NEW YORK MERCANTILE EXCHANGE,203273.0,56622.0,146651.0
2024-11-12,2024-11-15,067651,WTI-PHYSICAL - NEW YORK MERCANTILE EXCHANGE,200728.0,67065.0,133663.0
2024-11-19,2024-11-22,067651,WTI-PHYSICAL - NEW YORK MERCANTILE EXCHANGE,188283.0,83342.0,104941.0
2024-11-26,2024-11-29,067651,WTI-PHYSICAL - NEW YORK MERCANTILE EXCHANGE,185017.0,78608.0,106409.0
2024-12-03,2024-12-06,067651,WTI-PHYSICAL - NEW YORK MERCANTILE EXCHANGE,192032.0,77211.0,114821.0
2024-12-10,2024-12-13,067651,WTI-PHYSICAL - NEW YORK MERCANTILE EXCHANGE,185282.0,80314.0,104968.0
2024-12-17,2024-12-20,067651,WTI-PHYSICAL - NEW YORK MERCANTILE EXCHANGE,226042.0,61655.0,164387.0
2024-12-24,2024-12-27,067651,WTI-PHYSICAL - NEW YORK MERCANTILE EXCHANGE,247311.0,60397.0,186914.0
2024-12-31,2025-01-03,067651,WTI-PHYSICAL - NEW YORK MERCANTILE EXCHANGE,255707.0,52659.0,203048.0
2025-01-07,2025-01-10,067651,WTI-PHYSICAL - NEW YORK MERCANTILE EXCHANGE,295756.0,41877.0,253879.0
2025-01-14,2025-01-17,067651,WTI-PHYSICAL - NEW YORK MERCANTILE EXCHANGE,290600.0,54358.0,236242.0
2025-01-21,2025-01-24,067651,WTI-PHYSICAL - NEW YORK MERCANTILE EXCHANGE,285606.0,38161.0,247445.0
2025-01-28,2025-01-31,067651,WTI-PHYSICAL - NEW YORK MERCANTILE EXCHANGE,240582.0,49051.0,191531.0
2025-02-04,2025-02-07,067651,WTI-PHYSICAL - NEW YORK MERCANTILE EXCHANGE,204272.0,60136.0,144136.0
2025-02-11,2025-02-14,067651,WTI-PHYSICAL - NEW YORK MERCANTILE EXCHANGE,210539.0,80235.0,130304.0
2025-02-18,2025-02-21,067651,WTI-PHYSICAL - NEW YORK MERCANTILE EXCHANGE,189761.0,83869.0,105892.0
2025-02-25,2025-02-28,067651,WTI-PHYSICAL - NEW YORK MERCANTILE EXCHANGE,177427.0,108654.0,68773.0
2025-03-04,2025-03-07,067651,WTI-PHYSICAL - NEW YORK MERCANTILE EXCHANGE,171447.0,72798.0,98649.0
2025-03-11,2025-03-14,067651,WTI-PHYSICAL - NEW YORK MERCANTILE EXCHANGE,171354.0,63610.0,107744.0
2025-03-18,2025-03-21,067651,WTI-PHYSICAL - NEW YORK MERCANTILE EXCHANGE,175659.0,83396.0,92263.0
2025-03-25,2025-03-28,067651,WTI-PHYSICAL - NEW YORK MERCANTILE EXCHANGE,181704.0,88461.0,93243.0
2025-04-01,2025-04-04,067651,WTI-PHYSICAL - NEW YORK MERCANTILE EXCHANGE,188212.0,86795.0,101417.0
2025-04-08,2025-04-11,067651,WTI-PHYSICAL - NEW YORK MERCANTILE EXCHANGE,155667.0,107128.0,48539.0
2025-04-15,2025-04-18,067651,WTI-PHYSICAL - NEW YORK MERCANTILE EXCHANGE,179562.0,99649.0,79913.0
2025-04-22,2025-04-25,067651,WTI-PHYSICAL - NEW YORK MERCANTILE EXCHANGE,195213.0,63478.0,131735.0
2025-04-29,2025-05-02,067651,WTI-PHYSICAL - NEW YORK MERCANTILE EXCHANGE,200874.0,60843.0,140031.0
2025-05-06,2025-05-09,067651,WTI-PHYSICAL - NEW YORK MERCANTILE EXCHANGE,208513.0,79938.0,128575.0
2025-05-13,2025-05-16,067651,WTI-PHYSICAL - NEW YORK MERCANTILE EXCHANGE,191026.0,72930.0,118096.0
2025-05-20,2025-05-23,067651,WTI-PHYSICAL - NEW YORK MERCANTILE EXCHANGE,187115.0,75236.0,111879.0
2025-05-27,2025-05-30,067651,WTI-PHYSICAL - NEW YORK MERCANTILE EXCHANGE,181394.0,77447.0,103947.0
2025-06-03,2025-06-06,067651,WTI-PHYSICAL - NEW YORK MERCANTILE EXCHANGE,207243.0,62612.0,144631.0
2025-06-10,2025-06-13,067651,WTI-PHYSICAL - NEW YORK MERCANTILE EXCHANGE,213624.0,52047.0,161577.0
2025-06-17,2025-06-20,067651,WTI-PHYSICAL - NEW YORK MERCANTILE EXCHANGE,212225.0,41620.0,170605.0
2025-06-24,2025-06-27,067651,WTI-PHYSICAL - NEW YORK MERCANTILE EXCHANGE,208829.0,47342.0,161487.0
2025-07-01,2025-07-04,067651,WTI-PHYSICAL - NEW YORK MERCANTILE EXCHANGE,219361.0,44728.0,174633.0
2025-07-08,2025-07-11,067651,WTI-PHYSICAL - NEW YORK MERCANTILE EXCHANGE,196448.0,50751.0,145697.0
2025-07-15,2025-07-18,067651,WTI-PHYSICAL - NEW YORK MERCANTILE EXCHANGE,163283.0,71514.0,91769.0
2025-07-22,2025-07-25,067651,WTI-PHYSICAL - NEW YORK MERCANTILE EXCHANGE,174213.0,75976.0,98237.0
2025-07-29,2025-08-01,067651,WTI-PHYSICAL - NEW YORK MERCANTILE EXCHANGE,177357.0,79970.0,97387.0
2025-08-05,2025-08-08,067651,WTI-PHYSICAL - NEW YORK MERCANTILE EXCHANGE,164194.0,82857.0,81337.0
2025-08-12,2025-08-15,067651,WTI-PHYSICAL - NEW YORK MERCANTILE EXCHANGE,144004.0,95139.0,48865.0
2025-08-19,2025-08-22,067651,WTI-PHYSICAL - NEW YORK MERCANTILE EXCHANGE,143330.0,115885.0,27445.0
2025-08-26,2025-08-29,067651,WTI-PHYSICAL - NEW YORK MERCANTILE EXCHANGE,145935.0,121314.0,24621.0
2025-09-02,2025-09-05,067651,WTI-PHYSICAL - NEW YORK MERCANTILE EXCHANGE,143970.0,116647.0,27323.0
2025-09-09,2025-09-12,067651,WTI-PHYSICAL - NEW YORK MERCANTILE EXCHANGE,130574.0,120572.0,10002.0
2025-09-16,2025-09-19,067651,WTI-PHYSICAL - NEW YORK MERCANTILE EXCHANGE,138586.0,101787.0,36799.0
2025-09-23,2025-09-26,067651,WTI-PHYSICAL - NEW YORK MERCANTILE EXCHANGE,124884.0,98401.0,26483.0
2025-09-30,2025-10-03,067651,WTI-PHYSICAL - NEW YORK MERCANTILE EXCHANGE,118270.0,104217.0,14053.0
2025-10-07,2025-10-10,067651,WTI-PHYSICAL - NEW YORK MERCANTILE EXCHANGE,118017.0,135498.0,-17481.0
2025-10-14,2025-10-17,067651,WTI-PHYSICAL - NEW YORK MERCANTILE EXCHANGE,130907.0,149673.0,-18766.0
2025-10-21,2025-10-24,067651,WTI-PHYSICAL - NEW YORK MERCANTILE EXCHANGE,128075.0,166229.0,-38154.0
2025-10-28,2025-10-31,067651,WTI-PHYSICAL - NEW YORK MERCANTILE EXCHANGE,139241.0,147841.0,-8600.0
2025-11-04,2025-11-07,067651,WTI-PHYSICAL - NEW YORK MERCANTILE EXCHANGE,139453.0,131716.0,7737.0
2025-11-10,2025-11-14,067651,WTI-PHYSICAL - NEW YORK MERCANTILE EXCHANGE,132353.0,143999.0,-11646.0
2025-11-18,2025-11-21,067651,WTI-PHYSICAL - NEW YORK MERCANTILE EXCHANGE,133720.0,146391.0,-12671.0
2025-11-25,2025-11-28,067651,WTI-PHYSICAL - NEW YORK MERCANTILE EXCHANGE,130042.0,167052.0,-37010.0
2025-12-02,2025-12-05,067651,WTI-PHYSICAL - NEW YORK MERCANTILE EXCHANGE,130467.0,165235.0,-34768.0
2025-12-09,2025-12-12,067651,WTI-PHYSICAL - NEW YORK MERCANTILE EXCHANGE,136194.0,129316.0,6878.0
2025-12-16,2025-12-19,067651,WTI-PHYSICAL - NEW YORK MERCANTILE EXCHANGE,144673.0,144599.0,74.0
2025-12-23,2025-12-26,067651,WTI-PHYSICAL - NEW YORK MERCANTILE EXCHANGE,146806.0,135446.0,11360.0
2025-12-30,2026-01-02,067651,WTI-PHYSICAL - NEW YORK MERCANTILE EXCHANGE,146234.0,130491.0,15743.0
2026-01-06,2026-01-09,067651,WTI-PHYSICAL - NEW YORK MERCANTILE EXCHANGE,148771.0,124243.0,24528.0
2026-01-13,2026-01-16,067651,WTI-PHYSICAL - NEW YORK MERCANTILE EXCHANGE,174209.0,126639.0,47570.0
2026-01-20,2026-01-23,067651,WTI-PHYSICAL - NEW YORK MERCANTILE EXCHANGE,169655.0,122155.0,47500.0
2026-01-27,2026-01-30,067651,WTI-PHYSICAL - NEW YORK MERCANTILE EXCHANGE,176380.0,117333.0,59047.0
2026-02-03,2026-02-06,067651,WTI-PHYSICAL - NEW YORK MERCANTILE EXCHANGE,189550.0,112790.0,76760.0
2026-02-10,2026-02-13,067651,WTI-PHYSICAL - NEW YORK MERCANTILE EXCHANGE,191747.0,112601.0,79146.0
2026-02-17,2026-02-20,067651,WTI-PHYSICAL - NEW YORK MERCANTILE EXCHANGE,183954.0,120169.0,63785.0
2026-02-24,2026-02-27,067651,WTI-PHYSICAL - NEW YORK MERCANTILE EXCHANGE,193433.0,125733.0,67700.0
2026-03-03,2026-03-06,067651,WTI-PHYSICAL - NEW YORK MERCANTILE EXCHANGE,187335.0,118950.0,68385.0
2026-03-10,2026-03-13,067651,WTI-PHYSICAL - NEW YORK MERCANTILE EXCHANGE,189998.0,97876.0,92122.0
2026-03-17,2026-03-20,067651,WTI-PHYSICAL - NEW YORK MERCANTILE EXCHANGE,189353.0,92982.0,96371.0
2026-03-24,2026-03-27,067651,WTI-PHYSICAL - NEW YORK MERCANTILE EXCHANGE,181139.0,86803.0,94336.0
2026-03-31,2026-04-03,067651,WTI-PHYSICAL - NEW YORK MERCANTILE EXCHANGE,177780.0,104433.0,73347.0
2026-04-07,2026-04-10,067651,WTI-PHYSICAL - NEW YORK MERCANTILE EXCHANGE,186768.0,108068.0,78700.0
2026-04-14,2026-04-17,067651,WTI-PHYSICAL - NEW YORK MERCANTILE EXCHANGE,200130.0,101762.0,98368.0
2026-04-21,2026-04-24,067651,WTI-PHYSICAL - NEW YORK MERCANTILE EXCHANGE,200831.0,100944.0,99887.0
2026-04-28,2026-05-01,067651,WTI-PHYSICAL - NEW YORK MERCANTILE EXCHANGE,193329.0,112998.0,80331.0
2026-05-05,2026-05-08,067651,WTI-PHYSICAL - NEW YORK MERCANTILE EXCHANGE,185755.0,114964.0,70791.0
2026-05-12,2026-05-15,067651,WTI-PHYSICAL - NEW YORK MERCANTILE EXCHANGE,187332.0,114531.0,72801.0
2026-05-19,2026-05-22,067651,WTI-PHYSICAL - NEW YORK MERCANTILE EXCHANGE,207565.0,109346.0,98219.0
2026-05-26,2026-05-29,067651,WTI-PHYSICAL - NEW YORK MERCANTILE EXCHANGE,200581.0,120657.0,79924.0
2026-06-02,2026-06-05,067651,WTI-PHYSICAL - NEW YORK MERCANTILE EXCHANGE,218787.0,128022.0,90765.0
2026-06-09,2026-06-12,067651,WTI-PHYSICAL - NEW YORK MERCANTILE EXCHANGE,213483.0,118758.0,94725.0
2026-06-16,2026-06-19,067651,WTI-PHYSICAL - NEW YORK MERCANTILE EXCHANGE,220173.0,123945.0,96228.0
2026-06-23,2026-06-26,067651,WTI-PHYSICAL - NEW YORK MERCANTILE EXCHANGE,209683.0,126811.0,82872.0
2026-06-30,2026-07-03,067651,WTI-PHYSICAL - NEW YORK MERCANTILE EXCHANGE,203601.0,122319.0,81282.0
2026-07-07,2026-07-10,067651,WTI-PHYSICAL - NEW YORK MERCANTILE EXCHANGE,193113.0,129072.0,64041.0
2026-07-14,2026-07-17,067651,WTI-PHYSICAL - NEW YORK MERCANTILE EXCHANGE,181161.0,119187.0,61974.0
2026-07-21,2026-07-24,067651,WTI-PHYSICAL - NEW YORK MERCANTILE EXCHANGE,187469.0,123490.0,63979.0
2026-07-28,2026-07-31,067651,WTI-PHYSICAL - NEW YORK MERCANTILE EXCHANGE,193959.0,101016.0,92943.0
2026-08-04,2026-08-07,067651,WTI-PHYSICAL - NEW YORK MERCANTILE EXCHANGE,189518.0,102560.0,86958.0
2026-08-11,2026-08-14,067651,WTI-PHYSICAL - NEW YORK MERCANTILE EXCHANGE,190554.0,110638.0,79916.0
