week_ending,release_date,stocks
1982-08-20,1982-08-25,338764.0
1982-08-27,1982-09-01,336138.0
1982-09-24,1982-09-29,335586.0
1982-10-01,1982-10-06,334786.0
1982-10-08,1982-10-13,335260.0
1982-10-15,1982-10-20,326979.0
1982-10-22,1982-10-27,334370.0
1982-10-29,1982-11-03,333067.0
1982-11-05,1982-11-10,331057.0
1982-11-12,1982-11-17,323448.0
1982-11-19,1982-11-24,331264.0
1982-11-26,1982-12-01,325639.0
1982-12-03,1982-12-08,332447.0
1982-12-10,1982-12-15,337943.0
1982-12-17,1982-12-22,338912.0
1982-12-24,1982-12-29,335061.0
1982-12-31,1983-01-05,330150.0
1983-01-07,1983-01-12,326701.0
1983-01-14,1983-01-19,339028.0
1983-01-21,1983-01-26,334178.0
1983-01-28,1983-02-02,339617.0
1983-02-04,1983-02-09,332527.0
1983-02-11,1983-02-16,338719.0
1983-02-18,1983-02-23,342040.0
1983-02-25,1983-03-02,349452.0
1983-03-04,1983-03-09,339216.0
1983-03-11,1983-03-16,341753.0
1983-03-18,1983-03-23,335901.0
1983-03-25,1983-03-30,337155.0
1983-04-01,1983-04-06,331215.0
1983-04-08,1983-04-13,335263.0
1983-04-15,1983-04-20,340539.0
1983-04-29,1983-05-04,342707.0
1983-05-13,1983-05-18,342703.0
1983-05-20,1983-05-25,345545.0
1983-06-03,1983-06-08,334607.0
1983-06-10,1983-06-15,333407.0
1983-06-17,1983-06-22,332713.0
1983-06-24,1983-06-29,331611.0
1983-07-01,1983-07-06,333387.0
1983-07-08,1983-07-13,326776.0
1983-07-15,1983-07-20,324265.0
1983-07-22,1983-07-27,323643.0
1983-07-29,1983-08-03,326267.0
1983-08-05,1983-08-10,322642.0
1983-08-12,1983-08-17,314861.0
1983-08-19,1983-08-24,320879.0
1983-08-26,1983-08-31,325015.0
1983-09-02,1983-09-07,328895.0
1983-09-09,1983-09-14,326370.0
1983-09-16,1983-09-21,328092.0
1983-09-23,1983-09-28,328203.0
1983-09-30,1983-10-05,329028.0
1983-10-07,1983-10-12,331723.0
1983-10-14,1983-10-19,334292.0
1983-10-21,1983-10-26,331681.0
1983-10-28,1983-11-02,324210.0
1983-11-04,1983-11-09,335837.0
1983-11-11,1983-11-16,339341.0
1983-11-18,1983-11-23,334859.0
1983-11-25,1983-11-30,330704.0
1983-12-02,1983-12-07,326264.0
1983-12-09,1983-12-14,332192.0
1983-12-16,1983-12-21,330911.0
1983-12-23,1983-12-28,326469.0
1983-12-30,1984-01-04,327028.0
1984-01-06,1984-01-11,328070.0
1984-01-13,1984-01-18,331804.0
1984-01-20,1984-01-25,327811.0
1984-01-27,1984-02-01,324301.0
1984-02-03,1984-02-08,320842.0
1984-02-10,1984-02-15,320037.0
1984-02-17,1984-02-22,322097.0
1984-02-24,1984-02-29,317999.0
1984-03-02,1984-03-07,317746.0
1984-03-09,1984-03-14,313132.0
1984-03-16,1984-03-21,312445.0
1984-03-23,1984-03-28,309072.0
1984-03-30,1984-04-04,310506.0
1984-04-06,1984-04-11,320689.0
1984-04-13,1984-04-18,324087.0
1984-04-20,1984-04-25,323505.0
1984-04-27,1984-05-02,319724.0
1984-05-04,1984-05-09,326633.0
1984-05-11,1984-05-16,332296.0
1984-05-18,1984-05-23,340510.0
1984-05-25,1984-05-30,332465.0
1984-06-01,1984-06-06,339659.0
1984-06-08,1984-06-13,342189.0
1984-06-15,1984-06-20,338234.0
1984-06-22,1984-06-27,331714.0
1984-06-29,1984-07-04,335999.0
1984-07-06,1984-07-11,330378.0
1984-07-13,1984-07-18,333149.0
1984-07-20,1984-07-25,339830.0
1984-07-27,1984-08-01,331607.0
1984-08-03,1984-08-08,332398.0
1984-08-10,1984-08-15,333554.0
1984-08-17,1984-08-22,323344.0
1984-08-24,1984-08-29,326092.0
1984-08-31,1984-09-05,321597.0
1984-09-07,1984-09-12,318672.0
1984-09-14,1984-09-19,318007.0
1984-09-21,1984-09-26,306957.0
1984-09-28,1984-10-03,308426.0
1984-10-05,1984-10-10,311211.0
1984-10-12,1984-10-17,318610.0
1984-10-19,1984-10-24,315273.0
1984-10-26,1984-10-31,320900.0
1984-11-02,1984-11-07,314922.0
1984-11-09,1984-11-14,325115.0
1984-11-16,1984-11-21,334201.0
1984-11-23,1984-11-28,332639.0
1984-11-30,1984-12-05,325608.0
1984-12-07,1984-12-12,322292.0
1984-12-14,1984-12-19,331783.0
1984-12-21,1984-12-26,320537.0
1984-12-28,1985-01-02,322281.0
1985-01-04,1985-01-09,319923.0
1985-01-11,1985-01-16,324107.0
1985-01-18,1985-01-23,326508.0
1985-01-25,1985-01-30,317918.0
1985-02-01,1985-02-06,309460.0
1985-02-08,1985-02-13,305989.0
1985-02-15,1985-02-20,298076.0
1985-02-22,1985-02-27,295928.0
1985-03-01,1985-03-06,298757.0
1985-03-08,1985-03-13,303198.0
1985-03-15,1985-03-20,307344.0
1985-03-22,1985-03-27,310423.0
1985-03-29,1985-04-03,313149.0
1985-04-05,1985-04-10,302000.0
1985-04-12,1985-04-17,304744.0
1985-04-19,1985-04-24,309715.0
1985-04-26,1985-05-01,322205.0
1985-05-03,1985-05-08,330347.0
1985-05-10,1985-05-15,327605.0
1985-05-17,1985-05-22,328263.0
1985-05-24,1985-05-29,333896.0
1985-05-31,1985-06-05,333399.0
1985-06-07,1985-06-12,330564.0
1985-06-14,1985-06-19,331306.0
1985-06-21,1985-06-26,330077.0
1985-06-28,1985-07-03,323682.0
1985-07-05,1985-07-10,320782.0
1985-07-12,1985-07-17,314931.0
1985-07-19,1985-07-24,313728.0
1985-07-26,1985-07-31,307219.0
1985-08-02,1985-08-07,302128.0
1985-08-09,1985-08-14,307275.0
1985-08-16,1985-08-21,304954.0
1985-08-23,1985-08-28,294068.0
1985-08-30,1985-09-04,299740.0
1985-09-06,1985-09-11,294402.0
1985-09-13,1985-09-18,294828.0
1985-09-20,1985-09-25,289541.0
1985-09-27,1985-10-02,291175.0
1985-10-04,1985-10-09,294662.0
1985-10-11,1985-10-16,302337.0
1985-10-18,1985-10-23,294952.0
1985-10-25,1985-10-30,298122.0
1985-11-01,1985-11-06,290776.0
1985-11-08,1985-11-13,290134.0
1985-11-15,1985-11-20,288284.0
1985-11-22,1985-11-27,291676.0
1985-11-29,1985-12-04,294140.0
1985-12-06,1985-12-11,300376.0
1985-12-13,1985-12-18,296771.0
1985-12-20,1985-12-25,300234.0
1985-12-27,1986-01-01,298551.0
1986-01-03,1986-01-08,305147.0
1986-01-10,1986-01-15,299779.0
1986-01-17,1986-01-22,297979.0
1986-01-24,1986-01-29,305632.0
1986-01-31,1986-02-05,302996.0
1986-02-07,1986-02-12,311382.0
1986-02-14,1986-02-19,306754.0
1986-02-21,1986-02-26,300623.0
1986-02-28,1986-03-05,310183.0
1986-03-07,1986-03-12,313853.0
1986-03-14,1986-03-19,312567.0
1986-03-21,1986-03-26,314941.0
1986-03-28,1986-04-02,323395.0
1986-04-04,1986-04-09,316315.0
1986-04-11,1986-04-16,319613.0
1986-04-18,1986-04-23,317219.0
1986-04-25,1986-04-30,311499.0
1986-05-02,1986-05-07,317285.0
1986-05-09,1986-05-14,311336.0
1986-05-16,1986-05-21,303348.0
1986-05-23,1986-05-28,308590.0
1986-05-30,1986-06-04,305568.0
1986-06-06,1986-06-11,310824.0
1986-06-13,1986-06-18,299249.0
1986-06-20,1986-06-25,302543.0
1986-06-27,1986-07-02,303908.0
1986-07-04,1986-07-09,299341.0
1986-07-11,1986-07-16,298871.0
1986-07-18,1986-07-23,307065.0
1986-07-25,1986-07-30,310051.0
1986-08-01,1986-08-06,320012.0
1986-08-08,1986-08-13,312924.0
1986-08-15,1986-08-20,310871.0
1986-08-22,1986-08-27,308755.0
1986-08-29,1986-09-03,310955.0
1986-09-05,1986-09-10,306246.0
1986-09-12,1986-09-17,310490.0
1986-09-19,1986-09-24,307280.0
1986-09-26,1986-10-01,313278.0
1986-10-03,1986-10-08,315751.0
1986-10-10,1986-10-15,313010.0
1986-10-17,1986-10-22,320001.0
1986-10-24,1986-10-29,318425.0
1986-10-31,1986-11-05,327758.0
1986-11-07,1986-11-12,315272.0
1986-11-14,1986-11-19,319679.0
1986-11-21,1986-11-26,318454.0
1986-11-28,1986-12-03,321037.0
1986-12-05,1986-12-10,317980.0
1986-12-12,1986-12-17,321059.0
1986-12-19,1986-12-24,317982.0
1986-12-26,1986-12-31,306597.0
1987-01-02,1987-01-07,307823.0
1987-01-09,1987-01-14,316926.0
1987-01-16,1987-01-21,307260.0
1987-01-23,1987-01-28,304234.0
1987-01-30,1987-02-04,309455.0
1987-02-06,1987-02-11,308479.0
1987-02-13,1987-02-18,307917.0
1987-02-20,1987-02-25,308205.0
1987-02-27,1987-03-04,311491.0
1987-03-06,1987-03-11,310363.0
1987-03-13,1987-03-18,305895.0
1987-03-20,1987-03-25,313392.0
1987-03-27,1987-04-01,308038.0
1987-04-03,1987-04-08,314031.0
1987-04-10,1987-04-15,308491.0
1987-04-17,1987-04-22,299466.0
1987-04-24,1987-04-29,298167.0
1987-05-01,1987-05-06,307567.0
1987-05-08,1987-05-13,302611.0
1987-05-15,1987-05-20,300278.0
1987-05-22,1987-05-27,303381.0
1987-05-29,1987-06-03,299567.0
1987-06-05,1987-06-10,300954.0
1987-06-12,1987-06-17,301345.0
1987-06-19,1987-06-24,301883.0
1987-06-26,1987-07-01,304454.0
1987-07-03,1987-07-08,304943.0
1987-07-10,1987-07-15,302862.0
1987-07-17,1987-07-22,298706.0
1987-07-24,1987-07-29,301702.0
1987-07-31,1987-08-05,307077.0
1987-08-07,1987-08-12,300958.0
1987-08-14,1987-08-19,302412.0
1987-08-21,1987-08-26,309220.0
1987-08-28,1987-09-02,309451.0
1987-09-04,1987-09-09,313494.0
1987-09-11,1987-09-16,312686.0
1987-09-18,1987-09-23,312588.0
1987-09-25,1987-09-30,316043.0
1987-10-02,1987-10-07,314186.0
1987-10-09,1987-10-14,310961.0
1987-10-16,1987-10-21,313755.0
1987-10-23,1987-10-28,316857.0
1987-10-30,1987-11-04,328896.0
1987-11-06,1987-11-11,333255.0
1987-11-13,1987-11-18,335157.0
1987-11-20,1987-11-25,338198.0
1987-11-27,1987-12-02,335814.0
1987-12-04,1987-12-09,337304.0
1987-12-11,1987-12-16,338654.0
1987-12-18,1987-12-23,340670.0
1987-12-25,1987-12-30,339178.0
1988-01-01,1988-01-06,333655.0
1988-01-08,1988-01-13,320851.0
1988-01-15,1988-01-20,320568.0
1988-01-22,1988-01-27,319760.0
1988-01-29,1988-02-03,316008.0
1988-02-05,1988-02-10,317127.0
1988-02-12,1988-02-17,312386.0
1988-02-19,1988-02-24,320876.0
1988-02-26,1988-03-02,324061.0
1988-03-04,1988-03-09,325274.0
1988-03-11,1988-03-16,325188.0
1988-03-18,1988-03-23,328937.0
1988-03-25,1988-03-30,327289.0
1988-04-01,1988-04-06,328537.0
1988-04-08,1988-04-13,333705.0
1988-04-15,1988-04-20,333296.0
1988-04-22,1988-04-27,338077.0
1988-04-29,1988-05-04,335042.0
1988-05-06,1988-05-11,340335.0
1988-05-13,1988-05-18,343544.0
1988-05-20,1988-05-25,345463.0
1988-05-27,1988-06-01,341208.0
1988-06-03,1988-06-08,343019.0
1988-06-10,1988-06-15,340370.0
1988-06-17,1988-06-22,344567.0
1988-06-24,1988-06-29,341838.0
1988-07-01,1988-07-06,342310.0
1988-07-08,1988-07-13,339783.0
1988-07-15,1988-07-20,334259.0
1988-07-22,1988-07-27,330751.0
1988-07-29,1988-08-03,332365.0
1988-08-05,1988-08-10,330335.0
1988-08-12,1988-08-17,327971.0
1988-08-19,1988-08-24,323205.0
1988-08-26,1988-08-31,318511.0
1988-09-02,1988-09-07,313544.0
1988-09-09,1988-09-14,311683.0
1988-09-16,1988-09-21,305143.0
1988-09-23,1988-09-28,300430.0
1988-09-30,1988-10-05,306036.0
1988-10-07,1988-10-12,305450.0
1988-10-14,1988-10-19,310447.0
1988-10-21,1988-10-26,315085.0
1988-10-28,1988-11-02,316401.0
1988-11-04,1988-11-09,322097.0
1988-11-11,1988-11-16,318675.0
1988-11-18,1988-11-23,326823.0
1988-11-25,1988-11-30,322409.0
1988-12-02,1988-12-07,319749.0
1988-12-09,1988-12-14,324248.0
1988-12-16,1988-12-21,318990.0
1988-12-23,1988-12-28,314765.0
1988-12-30,1989-01-04,313654.0
1989-01-06,1989-01-11,305576.0
1989-01-13,1989-01-18,302665.0
1989-01-20,1989-01-25,306513.0
1989-01-27,1989-02-01,307008.0
1989-02-03,1989-02-08,313945.0
1989-02-10,1989-02-15,305217.0
1989-02-17,1989-02-22,306065.0
1989-02-24,1989-03-01,305255.0
1989-03-03,1989-03-08,315037.0
1989-03-10,1989-03-15,313828.0
1989-03-17,1989-03-22,318360.0
1989-03-24,1989-03-29,317835.0
1989-03-31,1989-04-05,307789.0
1989-04-07,1989-04-12,306513.0
1989-04-14,1989-04-19,302086.0
1989-04-21,1989-04-26,312478.0
1989-04-28,1989-05-03,316567.0
1989-05-05,1989-05-10,327039.0
1989-05-12,1989-05-17,328885.0
1989-05-19,1989-05-24,322400.0
1989-05-26,1989-05-31,320489.0
1989-06-02,1989-06-07,324887.0
1989-06-09,1989-06-14,321641.0
1989-06-16,1989-06-21,319223.0
1989-06-23,1989-06-28,322738.0
1989-06-30,1989-07-05,315455.0
1989-07-07,1989-07-12,315749.0
1989-07-14,1989-07-19,313424.0
1989-07-21,1989-07-26,312422.0
1989-07-28,1989-08-02,313680.0
1989-08-04,1989-08-09,313202.0
1989-08-11,1989-08-16,310165.0
1989-08-18,1989-08-23,319131.0
1989-08-25,1989-08-30,318038.0
1989-09-01,1989-09-06,317963.0
1989-09-08,1989-09-13,320241.0
1989-09-15,1989-09-20,309387.0
1989-09-22,1989-09-27,310542.0
1989-09-29,1989-10-04,313121.0
1989-10-06,1989-10-11,318394.0
1989-10-13,1989-10-18,323920.0
1989-10-20,1989-10-25,317150.0
1989-10-27,1989-11-01,322286.0
1989-11-03,1989-11-08,320398.0
1989-11-10,1989-11-15,327954.0
1989-11-17,1989-11-22,327780.0
1989-11-24,1989-11-29,324125.0
1989-12-01,1989-12-06,332385.0
1989-12-08,1989-12-13,323052.0
1989-12-15,1989-12-20,328006.0
1989-12-22,1989-12-27,325360.0
1989-12-29,1990-01-03,324280.0
1990-01-05,1990-01-10,324222.0
1990-01-12,1990-01-17,327819.0
1990-01-19,1990-01-24,326173.0
1990-01-26,1990-01-31,324123.0
1990-02-02,1990-02-07,334128.0
1990-02-09,1990-02-14,329316.0
1990-02-16,1990-02-21,326869.0
1990-02-23,1990-02-28,322293.0
1990-03-02,1990-03-07,325816.0
1990-03-09,1990-03-14,332142.0
1990-03-16,1990-03-21,330696.0
1990-03-23,1990-03-28,339931.0
1990-03-30,1990-04-04,342865.0
1990-04-06,1990-04-11,349942.0
1990-04-13,1990-04-18,350859.0
1990-04-20,1990-04-25,349299.0
1990-04-27,1990-05-02,353507.0
1990-05-04,1990-05-09,353485.0
1990-05-11,1990-05-16,358198.0
1990-05-18,1990-05-23,361994.0
1990-05-25,1990-05-30,362719.0
1990-06-01,1990-06-06,365618.0
1990-06-08,1990-06-13,367486.0
1990-06-15,1990-06-20,367001.0
1990-06-22,1990-06-27,367704.0
1990-06-29,1990-07-04,368708.0
1990-07-06,1990-07-11,365658.0
1990-07-13,1990-07-18,370201.0
1990-07-20,1990-07-25,368024.0
1990-07-27,1990-08-01,372593.0
1990-08-03,1990-08-08,364848.0
1990-08-10,1990-08-15,360003.0
1990-08-17,1990-08-22,360333.0
1990-08-24,1990-08-29,361957.0
1990-08-31,1990-09-05,356710.0
1990-09-07,1990-09-12,359583.0
1990-09-14,1990-09-19,353936.0
1990-09-21,1990-09-26,348211.0
1990-09-28,1990-10-03,338384.0
1990-10-05,1990-10-10,336271.0
1990-10-12,1990-10-17,328752.0
1990-10-19,1990-10-24,325992.0
1990-10-26,1990-10-31,327234.0
1990-11-02,1990-11-07,331392.0
1990-11-09,1990-11-14,333036.0
1990-11-16,1990-11-21,327293.0
1990-11-23,1990-11-28,324268.0
1990-11-30,1990-12-05,326855.0
1990-12-07,1990-12-12,321412.0
1990-12-14,1990-12-19,320154.0
1990-12-21,1990-12-26,321992.0
1990-12-28,1991-01-02,315920.0
1991-01-04,1991-01-09,307542.0
1991-01-11,1991-01-16,308440.0
1991-01-18,1991-01-23,307051.0
1991-01-25,1991-01-30,307043.0
1991-02-01,1991-02-06,310149.0
1991-02-08,1991-02-13,311359.0
1991-02-15,1991-02-20,317278.0
1991-02-22,1991-02-27,316183.0
1991-03-01,1991-03-06,315962.0
1991-03-08,1991-03-13,314290.0
1991-03-15,1991-03-20,320665.0
1991-03-22,1991-03-27,321538.0
1991-03-29,1991-04-03,326275.0
1991-04-05,1991-04-10,321264.0
1991-04-12,1991-04-17,325762.0
1991-04-19,1991-04-24,322676.0
1991-04-26,1991-05-01,328220.0
1991-05-03,1991-05-08,324141.0
1991-05-10,1991-05-15,323906.0
1991-05-17,1991-05-22,329898.0
1991-05-24,1991-05-29,329325.0
1991-05-31,1991-06-05,336202.0
1991-06-07,1991-06-12,337008.0
1991-06-14,1991-06-19,337807.0
1991-06-21,1991-06-26,336429.0
1991-06-28,1991-07-03,333376.0
1991-07-05,1991-07-10,334579.0
1991-07-12,1991-07-17,333524.0
1991-07-19,1991-07-24,331739.0
1991-07-26,1991-07-31,327970.0
1991-08-02,1991-08-07,328659.0
1991-08-09,1991-08-14,330373.0
1991-08-16,1991-08-21,328440.0
1991-08-23,1991-08-28,333744.0
1991-08-30,1991-09-04,335646.0
1991-09-06,1991-09-11,325886.0
1991-09-13,1991-09-18,319319.0
1991-09-20,1991-09-25,319450.0
1991-09-27,1991-10-02,324157.0
1991-10-04,1991-10-09,323069.0
1991-10-11,1991-10-16,326402.0
1991-10-18,1991-10-23,323942.0
1991-10-25,1991-10-30,332763.0
1991-11-01,1991-11-06,326645.0
1991-11-08,1991-11-13,330460.0
1991-11-15,1991-11-20,335596.0
1991-11-22,1991-11-27,329588.0
1991-11-29,1991-12-04,324131.0
1991-12-06,1991-12-11,329127.0
1991-12-13,1991-12-18,323089.0
1991-12-20,1991-12-25,318937.0
1991-12-27,1992-01-01,308857.0
1992-01-03,1992-01-08,314823.0
1992-01-10,1992-01-15,318314.0
1992-01-17,1992-01-22,317138.0
1992-01-24,1992-01-29,322809.0
1992-01-31,1992-02-05,318393.0
1992-02-07,1992-02-12,318207.0
1992-02-14,1992-02-19,316400.0
1992-02-21,1992-02-26,319575.0
1992-02-28,1992-03-04,326596.0
1992-03-06,1992-03-11,332894.0
1992-03-13,1992-03-18,327449.0
1992-03-20,1992-03-25,330980.0
1992-03-27,1992-04-01,325460.0
1992-04-03,1992-04-08,321859.0
1992-04-10,1992-04-15,330314.0
1992-04-17,1992-04-22,333120.0
1992-04-24,1992-04-29,333922.0
1992-05-01,1992-05-06,335376.0
1992-05-08,1992-05-13,334716.0
1992-05-15,1992-05-20,336011.0
1992-05-22,1992-05-27,331422.0
1992-05-29,1992-06-03,328776.0
1992-06-05,1992-06-10,329598.0
1992-06-12,1992-06-17,330394.0
1992-06-19,1992-06-24,324093.0
1992-06-26,1992-07-01,313189.0
1992-07-03,1992-07-08,312195.0
1992-07-10,1992-07-15,314858.0
1992-07-17,1992-07-22,308493.0
1992-07-24,1992-07-29,308467.0
1992-07-31,1992-08-05,314258.0
1992-08-07,1992-08-12,312486.0
1992-08-14,1992-08-19,311493.0
1992-08-21,1992-08-26,316097.0
1992-08-28,1992-09-02,308645.0
1992-09-04,1992-09-09,310794.0
1992-09-11,1992-09-16,310111.0
1992-09-18,1992-09-23,310947.0
1992-09-25,1992-09-30,306213.0
1992-10-02,1992-10-07,309071.0
1992-10-09,1992-10-14,308292.0
1992-10-16,1992-10-21,310536.0
1992-10-23,1992-10-28,311561.0
1992-10-30,1992-11-04,314967.0
1992-11-06,1992-11-11,308578.0
1992-11-13,1992-11-18,301537.0
1992-11-20,1992-11-25,307093.0
1992-11-27,1992-12-02,308640.0
1992-12-04,1992-12-09,307589.0
1992-12-11,1992-12-16,313161.0
1992-12-18,1992-12-23,312842.0
1992-12-25,1992-12-30,301053.0
1993-01-01,1993-01-06,301973.0
1993-01-08,1993-01-13,299341.0
1993-01-15,1993-01-20,307272.0
1993-01-22,1993-01-27,306106.0
1993-01-29,1993-02-03,308108.0
1993-02-05,1993-02-10,311717.0
1993-02-12,1993-02-17,318408.0
1993-02-19,1993-02-24,308086.0
1993-02-26,1993-03-03,315969.0
1993-03-05,1993-03-10,321897.0
1993-03-12,1993-03-17,327504.0
1993-03-19,1993-03-24,314322.0
1993-03-26,1993-03-31,322220.0
1993-04-02,1993-04-07,322889.0
1993-04-09,1993-04-14,334413.0
1993-04-16,1993-04-21,325153.0
1993-04-23,1993-04-28,326248.0
1993-04-30,1993-05-05,328945.0
1993-05-07,1993-05-12,329635.0
1993-05-14,1993-05-19,335087.0
1993-05-21,1993-05-26,338201.0
1993-05-28,1993-06-02,334383.0
1993-06-04,1993-06-09,332686.0
1993-06-11,1993-06-16,324772.0
1993-06-18,1993-06-23,334025.0
1993-06-25,1993-06-30,340315.0
1993-07-02,1993-07-07,331995.0
1993-07-09,1993-07-14,335417.0
1993-07-16,1993-07-21,343583.0
1993-07-23,1993-07-28,338056.0
1993-07-30,1993-08-04,333639.0
1993-08-06,1993-08-11,334659.0
1993-08-13,1993-08-18,330153.0
1993-08-20,1993-08-25,325426.0
1993-08-27,1993-09-01,326782.0
1993-09-03,1993-09-08,320499.0
1993-09-10,1993-09-15,321821.0
1993-09-17,1993-09-22,321610.0
1993-09-24,1993-09-29,312084.0
1993-10-01,1993-10-06,309991.0
1993-10-08,1993-10-13,314249.0
1993-10-15,1993-10-20,309375.0
1993-10-22,1993-10-27,316800.0
1993-10-29,1993-11-03,318584.0
1993-11-05,1993-11-10,315239.0
1993-11-12,1993-11-17,320250.0
1993-11-19,1993-11-24,314738.0
1993-11-26,1993-12-01,316131.0
1993-12-03,1993-12-08,321509.0
1993-12-10,1993-12-15,327837.0
1993-12-17,1993-12-22,330247.0
1993-12-24,1993-12-29,330079.0
1993-12-31,1994-01-05,323542.0
1994-01-07,1994-01-12,316593.0
1994-01-14,1994-01-19,316399.0
1994-01-21,1994-01-26,310921.0
1994-01-28,1994-02-02,314011.0
1994-02-04,1994-02-09,317837.0
1994-02-11,1994-02-16,313482.0
1994-02-18,1994-02-23,316510.0
1994-02-25,1994-03-02,309328.0
1994-03-04,1994-03-09,316945.0
1994-03-11,1994-03-16,311869.0
1994-03-18,1994-03-23,323772.0
1994-03-25,1994-03-30,318641.0
1994-04-01,1994-04-06,318717.0
1994-04-08,1994-04-13,319232.0
1994-04-15,1994-04-20,321163.0
1994-04-22,1994-04-27,321241.0
1994-04-29,1994-05-04,322151.0
1994-05-06,1994-05-11,316458.0
1994-05-13,1994-05-18,315520.0
1994-05-20,1994-05-25,317174.0
1994-05-27,1994-06-01,316080.0
1994-06-03,1994-06-08,311596.0
1994-06-10,1994-06-15,308787.0
1994-06-17,1994-06-22,307220.0
1994-06-24,1994-06-29,310699.0
1994-07-01,1994-07-06,311642.0
1994-07-08,1994-07-13,311816.0
1994-07-15,1994-07-20,314998.0
1994-07-22,1994-07-27,318255.0
1994-07-29,1994-08-03,312403.0
1994-08-05,1994-08-10,309883.0
1994-08-12,1994-08-17,312998.0
1994-08-19,1994-08-24,310161.0
1994-08-26,1994-08-31,307717.0
1994-09-02,1994-09-07,307532.0
1994-09-09,1994-09-14,307270.0
1994-09-16,1994-09-21,308725.0
1994-09-23,1994-09-28,314620.0
1994-09-30,1994-10-05,317891.0
1994-10-07,1994-10-12,316959.0
1994-10-14,1994-10-19,321399.0
1994-10-21,1994-10-26,319570.0
1994-10-28,1994-11-02,328905.0
1994-11-04,1994-11-09,327917.0
1994-11-11,1994-11-16,327189.0
1994-11-18,1994-11-23,324211.0
1994-11-25,1994-11-30,321739.0
1994-12-02,1994-12-07,321693.0
1994-12-09,1994-12-14,320205.0
1994-12-16,1994-12-21,319550.0
1994-12-23,1994-12-28,320236.0
1994-12-30,1995-01-04,312846.0
1995-01-06,1995-01-11,314560.0
1995-01-13,1995-01-18,313278.0
1995-01-20,1995-01-25,306864.0
1995-01-27,1995-02-01,306583.0
1995-02-03,1995-02-08,309810.0
1995-02-10,1995-02-15,303476.0
1995-02-17,1995-02-22,310839.0
1995-02-24,1995-03-01,305268.0
1995-03-03,1995-03-08,308234.0
1995-03-10,1995-03-15,308719.0
1995-03-17,1995-03-22,309258.0
1995-03-24,1995-03-29,313308.0
1995-03-31,1995-04-05,321069.0
1995-04-07,1995-04-12,318266.0
1995-04-14,1995-04-19,319450.0
1995-04-21,1995-04-26,322472.0
1995-04-28,1995-05-03,318365.0
1995-05-05,1995-05-10,316444.0
1995-05-12,1995-05-17,317267.0
1995-05-19,1995-05-24,313118.0
1995-05-26,1995-05-31,310099.0
1995-06-02,1995-06-07,307943.0
1995-06-09,1995-06-14,307390.0
1995-06-16,1995-06-21,306901.0
1995-06-23,1995-06-28,299434.0
1995-06-30,1995-07-05,303160.0
1995-07-07,1995-07-12,301985.0
1995-07-14,1995-07-19,301968.0
1995-07-21,1995-07-26,295085.0
1995-07-28,1995-08-02,298034.0
1995-08-04,1995-08-09,291165.0
1995-08-11,1995-08-16,293670.0
1995-08-18,1995-08-23,286280.0
1995-08-25,1995-08-30,289233.0
1995-09-01,1995-09-06,296654.0
1995-09-08,1995-09-13,292052.0
1995-09-15,1995-09-20,291145.0
1995-09-22,1995-09-27,290595.0
1995-09-29,1995-10-04,285540.0
1995-10-06,1995-10-11,281156.0
1995-10-13,1995-10-18,281131.0
1995-10-20,1995-10-25,283307.0
1995-10-27,1995-11-01,284831.0
1995-11-03,1995-11-08,288122.0
1995-11-10,1995-11-15,286496.0
1995-11-17,1995-11-22,296105.0
1995-11-24,1995-11-29,302184.0
1995-12-01,1995-12-06,299072.0
1995-12-08,1995-12-13,294812.0
1995-12-15,1995-12-20,300674.0
1995-12-22,1995-12-27,294817.0
1995-12-29,1996-01-03,284591.0
1996-01-05,1996-01-10,285623.0
1996-01-12,1996-01-17,288551.0
1996-01-19,1996-01-24,292829.0
1996-01-26,1996-01-31,291084.0
1996-02-02,1996-02-07,288674.0
1996-02-09,1996-02-14,286440.0
1996-02-16,1996-02-21,283380.0
1996-02-23,1996-02-28,283723.0
1996-03-01,1996-03-06,280448.0
1996-03-08,1996-03-13,288673.0
1996-03-15,1996-03-20,283404.0
1996-03-22,1996-03-27,282187.0
1996-03-29,1996-04-03,280124.0
1996-04-05,1996-04-10,282424.0
1996-04-12,1996-04-17,283823.0
1996-04-19,1996-04-24,279794.0
1996-04-26,1996-05-01,279424.0
1996-05-03,1996-05-08,286604.0
1996-05-10,1996-05-15,284902.0
1996-05-17,1996-05-22,280450.0
1996-05-24,1996-05-29,281578.0
1996-05-31,1996-06-05,293515.0
1996-06-07,1996-06-12,291863.0
1996-06-14,1996-06-19,288853.0
1996-06-21,1996-06-26,289709.0
1996-06-28,1996-07-03,296562.0
1996-07-05,1996-07-10,298222.0
1996-07-12,1996-07-17,295695.0
1996-07-19,1996-07-24,291857.0
1996-07-26,1996-07-31,292972.0
1996-08-02,1996-08-07,290295.0
1996-08-09,1996-08-14,289134.0
1996-08-16,1996-08-21,291014.0
1996-08-23,1996-08-28,300715.0
1996-08-30,1996-09-04,295650.0
1996-09-06,1996-09-11,292562.0
1996-09-13,1996-09-18,290575.0
1996-09-20,1996-09-25,291751.0
1996-09-27,1996-10-02,286638.0
1996-10-04,1996-10-09,286261.0
1996-10-11,1996-10-16,282960.0
1996-10-18,1996-10-23,288701.0
1996-10-25,1996-10-30,285642.0
1996-11-01,1996-11-06,295892.0
1996-11-08,1996-11-13,290762.0
1996-11-15,1996-11-20,288297.0
1996-11-22,1996-11-27,283501.0
1996-11-29,1996-12-04,283728.0
1996-12-06,1996-12-11,282735.0
1996-12-13,1996-12-18,279788.0
1996-12-20,1996-12-25,273685.0
1996-12-27,1997-01-01,276127.0
1997-01-03,1997-01-08,267904.0
1997-01-10,1997-01-15,272956.0
1997-01-17,1997-01-22,271491.0
1997-01-24,1997-01-29,274863.0
1997-01-31,1997-02-05,280898.0
1997-02-07,1997-02-12,284247.0
1997-02-14,1997-02-19,288732.0
1997-02-21,1997-02-26,288568.0
1997-02-28,1997-03-05,283145.0
1997-03-07,1997-03-12,288475.0
1997-03-14,1997-03-19,288585.0
1997-03-21,1997-03-26,287497.0
1997-03-28,1997-04-02,293843.0
1997-04-04,1997-04-09,294041.0
1997-04-11,1997-04-16,296665.0
1997-04-18,1997-04-23,298115.0
1997-04-25,1997-04-30,300941.0
1997-05-02,1997-05-07,300885.0
1997-05-09,1997-05-14,307280.0
1997-05-16,1997-05-21,301845.0
1997-05-23,1997-05-28,305059.0
1997-05-30,1997-06-04,309261.0
1997-06-06,1997-06-11,308845.0
1997-06-13,1997-06-18,307589.0
1997-06-20,1997-06-25,307126.0
1997-06-27,1997-07-02,301399.0
1997-07-04,1997-07-09,306218.0
1997-07-11,1997-07-16,303759.0
1997-07-18,1997-07-23,301774.0
1997-07-25,1997-07-30,291884.0
1997-08-01,1997-08-06,291120.0
1997-08-08,1997-08-13,296258.0
1997-08-15,1997-08-20,296882.0
1997-08-22,1997-08-27,291628.0
1997-08-29,1997-09-03,290026.0
1997-09-05,1997-09-10,283928.0
1997-09-12,1997-09-17,287722.0
1997-09-19,1997-09-24,283839.0
1997-09-26,1997-10-01,285157.0
1997-10-03,1997-10-08,289944.0
1997-10-10,1997-10-15,287772.0
1997-10-17,1997-10-22,284474.0
1997-10-24,1997-10-29,289079.0
1997-10-31,1997-11-05,295098.0
1997-11-07,1997-11-12,293789.0
1997-11-14,1997-11-19,299075.0
1997-11-21,1997-11-26,302849.0
1997-11-28,1997-12-03,305669.0
1997-12-05,1997-12-10,300911.0
1997-12-12,1997-12-17,303451.0
1997-12-19,1997-12-24,299482.0
1997-12-26,1997-12-31,296230.0
1998-01-02,1998-01-07,289764.0
1998-01-09,1998-01-14,288685.0
1998-01-16,1998-01-21,299897.0
1998-01-23,1998-01-28,305583.0
1998-01-30,1998-02-04,304961.0
1998-02-06,1998-02-11,304983.0
1998-02-13,1998-02-18,306685.0
1998-02-20,1998-02-25,309568.0
1998-02-27,1998-03-04,307969.0
1998-03-06,1998-03-11,307194.0
1998-03-13,1998-03-18,305137.0
1998-03-20,1998-03-25,311606.0
1998-03-27,1998-04-01,313200.0
1998-04-03,1998-04-08,314569.0
1998-04-10,1998-04-15,319899.0
1998-04-17,1998-04-22,324906.0
1998-04-24,1998-04-29,325209.0
1998-05-01,1998-05-06,327368.0
1998-05-08,1998-05-13,326705.0
1998-05-15,1998-05-20,337928.0
1998-05-22,1998-05-27,334682.0
1998-05-29,1998-06-03,330394.0
1998-06-05,1998-06-10,329534.0
1998-06-12,1998-06-17,326836.0
1998-06-19,1998-06-24,325182.0
1998-06-26,1998-07-01,326843.0
1998-07-03,1998-07-08,324057.0
1998-07-10,1998-07-15,317425.0
1998-07-17,1998-07-22,322966.0
1998-07-24,1998-07-29,326795.0
1998-07-31,1998-08-05,327478.0
1998-08-07,1998-08-12,328423.0
1998-08-14,1998-08-19,327887.0
1998-08-21,1998-08-26,321012.0
1998-08-28,1998-09-02,320694.0
1998-09-04,1998-09-09,312057.0
1998-09-11,1998-09-16,309675.0
1998-09-18,1998-09-23,300336.0
1998-09-25,1998-09-30,303433.0
1998-10-02,1998-10-07,305893.0
1998-10-09,1998-10-14,312682.0
1998-10-16,1998-10-21,316227.0
1998-10-23,1998-10-28,319964.0
1998-10-30,1998-11-04,323739.0
1998-11-06,1998-11-11,322932.0
1998-11-13,1998-11-18,320397.0
1998-11-20,1998-11-25,325554.0
1998-11-27,1998-12-02,319986.0
1998-12-04,1998-12-09,318465.0
1998-12-11,1998-12-16,321884.0
1998-12-18,1998-12-23,323364.0
1998-12-25,1998-12-30,320706.0
1999-01-01,1999-01-06,305728.0
1999-01-08,1999-01-13,308268.0
1999-01-15,1999-01-20,310975.0
1999-01-22,1999-01-27,314148.0
1999-01-29,1999-02-03,316730.0
1999-02-05,1999-02-10,317131.0
1999-02-12,1999-02-17,315393.0
1999-02-19,1999-02-24,318431.0
1999-02-26,1999-03-03,315274.0
1999-03-05,1999-03-10,318266.0
1999-03-12,1999-03-17,321929.0
1999-03-19,1999-03-24,324736.0
1999-03-26,1999-03-31,328539.0
1999-04-02,1999-04-07,326768.0
1999-04-09,1999-04-14,328885.0
1999-04-16,1999-04-21,325729.0
1999-04-23,1999-04-28,322286.0
1999-04-30,1999-05-05,320145.0
1999-05-07,1999-05-12,317539.0
1999-05-14,1999-05-19,318092.0
1999-05-21,1999-05-26,315769.0
1999-05-28,1999-06-02,314722.0
1999-06-04,1999-06-09,316858.0
1999-06-11,1999-06-16,318672.0
1999-06-18,1999-06-23,315949.0
1999-06-25,1999-06-30,314225.0
1999-07-02,1999-07-07,314030.0
1999-07-09,1999-07-14,317718.0
1999-07-16,1999-07-21,318092.0
1999-07-23,1999-07-28,312916.0
1999-07-30,1999-08-04,309516.0
1999-08-06,1999-08-11,307249.0
1999-08-13,1999-08-18,305616.0
1999-08-20,1999-08-25,301091.0
1999-08-27,1999-09-01,301653.0
1999-09-03,1999-09-08,297212.0
1999-09-10,1999-09-15,292930.0
1999-09-17,1999-09-22,293119.0
1999-09-24,1999-09-29,288862.0
1999-10-01,1999-10-06,288395.0
1999-10-08,1999-10-13,281186.0
1999-10-15,1999-10-20,284609.0
1999-10-22,1999-10-27,284878.0
1999-10-29,1999-11-03,288599.0
1999-11-05,1999-11-10,288955.0
1999-11-12,1999-11-17,290755.0
1999-11-19,1999-11-24,287692.0
1999-11-26,1999-12-01,283338.0
1999-12-03,1999-12-08,283063.0
1999-12-10,1999-12-15,277477.0
1999-12-17,1999-12-22,276646.0
1999-12-24,1999-12-29,276345.0
1999-12-31,2000-01-05,274626.0
2000-01-07,2000-01-12,277549.0
2000-01-14,2000-01-19,277464.0
2000-01-21,2000-01-26,275032.0
2000-01-28,2000-02-02,266614.0
2000-02-04,2000-02-09,269982.0
2000-02-11,2000-02-16,269796.0
2000-02-18,2000-02-23,269487.0
2000-02-25,2000-03-01,269816.0
2000-03-03,2000-03-08,274502.0
2000-03-10,2000-03-15,274933.0
2000-03-17,2000-03-22,276572.0
2000-03-24,2000-03-29,276422.0
2000-03-31,2000-04-05,277924.0
2000-04-07,2000-04-12,280771.0
2000-04-14,2000-04-19,286265.0
2000-04-21,2000-04-26,291335.0
2000-04-28,2000-05-03,288071.0
2000-05-05,2000-05-10,292607.0
2000-05-12,2000-05-17,292857.0
2000-05-19,2000-05-24,293806.0
2000-05-26,2000-05-31,289205.0
2000-06-02,2000-06-07,285075.0
2000-06-09,2000-06-14,283639.0
2000-06-16,2000-06-21,279078.0
2000-06-23,2000-06-28,279405.0
2000-06-30,2000-07-05,277611.0
2000-07-07,2000-07-12,278885.0
2000-07-14,2000-07-19,278400.0
2000-07-21,2000-07-26,278674.0
2000-07-28,2000-08-02,268121.0
2000-08-04,2000-08-09,269659.0
2000-08-11,2000-08-16,273059.0
2000-08-18,2000-08-23,268901.0
2000-08-25,2000-08-30,270948.0
2000-09-01,2000-09-06,273691.0
2000-09-08,2000-09-13,272764.0
2000-09-15,2000-09-20,270282.0
2000-09-22,2000-09-27,269781.0
2000-09-29,2000-10-04,270873.0
2000-10-06,2000-10-11,271752.0
2000-10-13,2000-10-18,267235.0
2000-10-20,2000-10-25,269640.0
2000-10-27,2000-11-01,268151.0
2000-11-03,2000-11-08,266594.0
2000-11-10,2000-11-15,268091.0
2000-11-17,2000-11-22,274255.0
2000-11-24,2000-11-29,274177.0
2000-12-01,2000-12-06,276195.0
2000-12-08,2000-12-13,272826.0
2000-12-15,2000-12-20,275859.0
2000-12-22,2000-12-27,274608.0
2000-12-29,2001-01-03,272771.0
2001-01-05,2001-01-10,272072.0
2001-01-12,2001-01-17,271062.0
2001-01-19,2001-01-24,269952.0
2001-01-26,2001-01-31,266382.0
2001-02-02,2001-02-07,269298.0
2001-02-09,2001-02-14,272662.0
2001-02-16,2001-02-21,260782.0
2001-02-23,2001-02-28,263661.0
2001-03-02,2001-03-07,260949.0
2001-03-09,2001-03-14,268920.0
2001-03-16,2001-03-21,273922.0
2001-03-23,2001-03-28,285110.0
2001-03-30,2001-04-04,286795.0
2001-04-06,2001-04-11,290606.0
2001-04-13,2001-04-18,296817.0
2001-04-20,2001-04-25,295392.0
2001-04-27,2001-05-02,301717.0
2001-05-04,2001-05-09,302335.0
2001-05-11,2001-05-16,304811.0
2001-05-18,2001-05-23,308153.0
2001-05-25,2001-05-30,306411.0
2001-06-01,2001-06-06,307913.0
2001-06-08,2001-06-13,299709.0
2001-06-15,2001-06-20,298981.0
2001-06-22,2001-06-27,298973.0
2001-06-29,2001-07-04,294220.0
2001-07-06,2001-07-11,291112.0
2001-07-13,2001-07-18,298133.0
2001-07-20,2001-07-25,299513.0
2001-07-27,2001-08-01,298463.0
2001-08-03,2001-08-08,291804.0
2001-08-10,2001-08-15,288954.0
2001-08-17,2001-08-22,284951.0
2001-08-24,2001-08-29,287648.0
2001-08-31,2001-09-05,285694.0
2001-09-07,2001-09-12,286655.0
2001-09-14,2001-09-19,286029.0
2001-09-21,2001-09-26,289215.0
2001-09-28,2001-10-03,290827.0
2001-10-05,2001-10-10,290699.0
2001-10-12,2001-10-17,286259.0
2001-10-19,2001-10-24,289082.0
2001-10-26,2001-10-31,291538.0
2001-11-02,2001-11-07,295552.0
2001-11-09,2001-11-14,295285.0
2001-11-16,2001-11-21,294065.0
2001-11-23,2001-11-28,290885.0
2001-11-30,2001-12-05,295140.0
2001-12-07,2001-12-12,292803.0
2001-12-14,2001-12-19,293164.0
2001-12-21,2001-12-26,295777.0
2001-12-28,2002-01-02,293607.0
2002-01-04,2002-01-09,294406.0
2002-01-11,2002-01-16,295434.0
2002-01-18,2002-01-23,298183.0
2002-01-25,2002-01-30,300289.0
2002-02-01,2002-02-06,302497.0
2002-02-08,2002-02-13,304998.0
2002-02-15,2002-02-20,301890.0
2002-02-22,2002-02-27,299422.0
2002-03-01,2002-03-06,303756.0
2002-03-08,2002-03-13,304089.0
2002-03-15,2002-03-20,306697.0
2002-03-22,2002-03-27,302253.0
2002-03-29,2002-04-03,308278.0
2002-04-05,2002-04-10,308541.0
2002-04-12,2002-04-17,302876.0
2002-04-19,2002-04-24,304462.0
2002-04-26,2002-05-01,309034.0
2002-05-03,2002-05-08,303358.0
2002-05-10,2002-05-15,299171.0
2002-05-17,2002-05-22,303801.0
2002-05-24,2002-05-29,302265.0
2002-05-31,2002-06-05,308297.0
2002-06-07,2002-06-12,307115.0
2002-06-14,2002-06-19,306632.0
2002-06-21,2002-06-26,303193.0
2002-06-28,2002-07-03,304766.0
2002-07-05,2002-07-10,300361.0
2002-07-12,2002-07-17,298381.0
2002-07-19,2002-07-24,294699.0
2002-07-26,2002-07-31,292722.0
2002-08-02,2002-08-07,290642.0
2002-08-09,2002-08-14,283437.0
2002-08-16,2002-08-21,286290.0
2002-08-23,2002-08-28,286554.0
2002-08-30,2002-09-04,281926.0
2002-09-06,2002-09-11,276874.0
2002-09-13,2002-09-18,271470.0
2002-09-20,2002-09-25,268878.0
2002-09-27,2002-10-02,258896.0
2002-10-04,2002-10-09,254248.0
2002-10-11,2002-10-16,263223.0
2002-10-18,2002-10-23,270000.0
2002-10-25,2002-10-30,270914.0
2002-11-01,2002-11-06,274396.0
2002-11-08,2002-11-13,267506.0
2002-11-15,2002-11-20,271961.0
2002-11-22,2002-11-27,268062.0
2002-11-29,2002-12-04,271138.0
2002-12-06,2002-12-11,272561.0
2002-12-13,2002-12-18,270500.0
2002-12-20,2002-12-25,271215.0
2002-12-27,2003-01-01,262089.0
2003-01-03,2003-01-08,262508.0
2003-01-10,2003-01-15,256079.0
2003-01-17,2003-01-22,257664.0
2003-01-24,2003-01-29,257156.0
2003-01-31,2003-02-05,258100.0
2003-02-07,2003-02-12,253779.0
2003-02-14,2003-02-19,256837.0
2003-02-21,2003-02-26,255803.0
2003-02-28,2003-03-05,257500.0
2003-03-07,2003-03-12,253212.0
2003-03-14,2003-03-19,253684.0
2003-03-21,2003-03-26,257389.0
2003-03-28,2003-04-02,264122.0
2003-04-04,2003-04-09,260624.0
2003-04-11,2003-04-16,260756.0
2003-04-18,2003-04-23,269727.0
2003-04-25,2003-04-30,271549.0
2003-05-02,2003-05-07,271099.0
2003-05-09,2003-05-14,268376.0
2003-05-16,2003-05-21,269040.0
2003-05-23,2003-05-28,270067.0
2003-05-30,2003-06-04,272931.0
2003-06-06,2003-06-11,268240.0
2003-06-13,2003-06-18,272224.0
2003-06-20,2003-06-25,268079.0
2003-06-27,2003-07-02,265963.0
2003-07-04,2003-07-09,265819.0
2003-07-11,2003-07-16,262189.0
2003-07-18,2003-07-23,259850.0
2003-07-25,2003-07-30,260944.0
2003-08-01,2003-08-06,264082.0
2003-08-08,2003-08-13,264262.0
2003-08-15,2003-08-20,262676.0
2003-08-22,2003-08-27,262492.0
2003-08-29,2003-09-03,264253.0
2003-09-05,2003-09-10,259784.0
2003-09-12,2003-09-17,262933.0
2003-09-19,2003-09-24,264423.0
2003-09-26,2003-10-01,264376.0
2003-10-03,2003-10-08,269223.0
2003-10-10,2003-10-15,273020.0
2003-10-17,2003-10-22,271225.0
2003-10-24,2003-10-29,274865.0
2003-10-31,2003-11-05,274914.0
2003-11-07,2003-11-12,273975.0
2003-11-14,2003-11-19,276885.0
2003-11-21,2003-11-26,271996.0
2003-11-28,2003-12-03,267167.0
2003-12-05,2003-12-10,261722.0
2003-12-12,2003-12-17,256598.0
2003-12-19,2003-12-24,258243.0
2003-12-26,2003-12-31,254466.0
2004-01-02,2004-01-07,252611.0
2004-01-09,2004-01-14,247627.0
2004-01-16,2004-01-21,248839.0
2004-01-23,2004-01-28,247323.0
2004-01-30,2004-02-04,255245.0
2004-02-06,2004-02-11,252192.0
2004-02-13,2004-02-18,257092.0
2004-02-20,2004-02-25,257092.0
2004-02-27,2004-03-03,259092.0
2004-03-05,2004-03-10,262729.0
2004-03-12,2004-03-17,264309.0
2004-03-19,2004-03-24,271841.0
2004-03-26,2004-03-31,277539.0
2004-04-02,2004-04-07,276118.0
2004-04-09,2004-04-14,279266.0
2004-04-16,2004-04-21,279474.0
2004-04-23,2004-04-28,282653.0
2004-04-30,2004-05-05,282748.0
2004-05-07,2004-05-12,283676.0
2004-05-14,2004-05-19,282580.0
2004-05-21,2004-05-26,282605.0
2004-05-28,2004-06-02,285384.0
2004-06-04,2004-06-09,286099.0
2004-06-11,2004-06-16,286951.0
2004-06-18,2004-06-23,289366.0
2004-06-25,2004-06-30,288862.0
2004-07-02,2004-07-07,288952.0
2004-07-09,2004-07-14,286780.0
2004-07-16,2004-07-21,283207.0
2004-07-23,2004-07-28,284379.0
2004-07-30,2004-08-04,282564.0
2004-08-06,2004-08-11,278427.0
2004-08-13,2004-08-18,277216.0
2004-08-20,2004-08-25,275516.0
2004-08-27,2004-09-01,271284.0
2004-09-03,2004-09-08,269754.0
2004-09-10,2004-09-15,262742.0
2004-09-17,2004-09-22,253630.0
2004-09-24,2004-09-29,257031.0
2004-10-01,2004-10-06,257912.0
2004-10-08,2004-10-13,262115.0
2004-10-15,2004-10-20,263313.0
2004-10-22,2004-10-27,267257.0
2004-10-29,2004-11-03,273529.0
2004-11-05,2004-11-10,275232.0
2004-11-12,2004-11-17,276047.0
2004-11-19,2004-11-24,276132.0
2004-11-26,2004-12-01,276981.0
2004-12-03,2004-12-08,277522.0
2004-12-10,2004-12-15,277396.0
2004-12-17,2004-12-22,279520.0
2004-12-24,2004-12-29,278661.0
2004-12-31,2005-01-05,275442.0
2005-01-07,2005-01-12,273060.0
2005-01-14,2005-01-19,276461.0
2005-01-21,2005-01-26,279890.0
2005-01-28,2005-02-02,279566.0
2005-02-04,2005-02-09,278156.0
2005-02-11,2005-02-16,280298.0
2005-02-18,2005-02-23,280906.0
2005-02-25,2005-03-02,283301.0
2005-03-04,2005-03-09,286276.0
2005-03-11,2005-03-16,288869.0
2005-03-18,2005-03-23,292966.0
2005-03-25,2005-03-30,298349.0
2005-04-01,2005-04-06,301151.0
2005-04-08,2005-04-13,304805.0
2005-04-15,2005-04-20,303032.0
2005-04-22,2005-04-27,308447.0
2005-04-29,2005-05-04,311127.0
2005-05-06,2005-05-11,313562.0
2005-05-13,2005-05-18,317905.0
2005-05-20,2005-05-25,316218.0
2005-05-27,2005-06-01,317706.0
2005-06-03,2005-06-08,314711.0
2005-06-10,2005-06-15,312928.0
2005-06-17,2005-06-22,311349.0
2005-06-24,2005-06-29,312453.0
2005-07-01,2005-07-06,308884.0
2005-07-08,2005-07-13,304985.0
2005-07-15,2005-07-20,304085.0
2005-07-22,2005-07-27,301840.0
2005-07-29,2005-08-03,302036.0
2005-08-05,2005-08-10,304790.0
2005-08-12,2005-08-17,305031.0
2005-08-19,2005-08-24,306883.0
2005-08-26,2005-08-31,305363.0
2005-09-02,2005-09-07,298938.0
2005-09-09,2005-09-14,292378.0
2005-09-16,2005-09-21,292056.0
2005-09-23,2005-09-28,289644.0
2005-09-30,2005-10-05,289398.0
2005-10-07,2005-10-12,290324.0
2005-10-14,2005-10-19,295879.0
2005-10-21,2005-10-26,300293.0
2005-10-28,2005-11-02,303027.0
2005-11-04,2005-11-09,307436.0
2005-11-11,2005-11-16,305277.0
2005-11-18,2005-11-23,305631.0
2005-11-25,2005-11-30,301443.0
2005-12-02,2005-12-07,304230.0
2005-12-09,2005-12-14,305122.0
2005-12-16,2005-12-21,306422.0
2005-12-23,2005-12-28,306540.0
2005-12-30,2006-01-04,305527.0
2006-01-06,2006-01-11,302584.0
2006-01-13,2006-01-18,305325.0
2006-01-20,2006-01-25,303016.0
2006-01-27,2006-02-01,304935.0
2006-02-03,2006-02-08,304523.0
2006-02-10,2006-02-15,309376.0
2006-02-17,2006-02-22,310497.0
2006-02-24,2006-03-01,312135.0
2006-03-03,2006-03-08,318776.0
2006-03-10,2006-03-15,323612.0
2006-03-17,2006-03-22,322302.0
2006-03-24,2006-03-29,324332.0
2006-03-31,2006-04-05,326442.0
2006-04-07,2006-04-12,329594.0
2006-04-14,2006-04-19,328788.0
2006-04-21,2006-04-26,328562.0
2006-04-28,2006-05-03,330289.0
2006-05-05,2006-05-10,330615.0
2006-05-12,2006-05-17,330550.0
2006-05-19,2006-05-24,327552.0
2006-05-26,2006-05-31,329151.0
2006-06-02,2006-06-07,330434.0
2006-06-09,2006-06-14,329454.0
2006-06-16,2006-06-21,330839.0
2006-06-23,2006-06-28,327510.0
2006-06-30,2006-07-05,325089.0
2006-07-07,2006-07-12,319159.0
2006-07-14,2006-07-19,319310.0
2006-07-21,2006-07-26,319340.0
2006-07-28,2006-08-02,317566.0
2006-08-04,2006-08-09,316380.0
2006-08-11,2006-08-16,314773.0
2006-08-18,2006-08-23,314130.0
2006-08-25,2006-08-30,316611.0
2006-09-01,2006-09-06,314507.0
2006-09-08,2006-09-13,311603.0
2006-09-15,2006-09-20,308755.0
2006-09-22,2006-09-27,308646.0
2006-09-29,2006-10-04,312001.0
2006-10-06,2006-10-11,314132.0
2006-10-13,2006-10-18,319152.0
2006-10-20,2006-10-25,315947.0
2006-10-27,2006-11-01,317857.0
2006-11-03,2006-11-08,318374.0
2006-11-10,2006-11-15,319657.0
2006-11-17,2006-11-22,324818.0
2006-11-24,2006-11-29,324458.0
2006-12-01,2006-12-06,323268.0
2006-12-08,2006-12-13,318973.0
2006-12-15,2006-12-20,312650.0
2006-12-22,2006-12-27,304518.0
2006-12-29,2007-01-03,303219.0
2007-01-05,2007-01-10,297470.0
2007-01-12,2007-01-17,304238.0
2007-01-19,2007-01-24,305027.0
2007-01-26,2007-01-31,307711.0
2007-02-02,2007-02-07,307193.0
2007-02-09,2007-02-14,306604.0
2007-02-16,2007-02-21,310298.0
2007-02-23,2007-02-28,311719.0
2007-03-02,2007-03-07,306822.0
2007-03-09,2007-03-14,308002.0
2007-03-16,2007-03-21,311926.0
2007-03-23,2007-03-28,311080.0
2007-03-30,2007-04-04,315387.0
2007-04-06,2007-04-11,316219.0
2007-04-13,2007-04-18,315225.0
2007-04-20,2007-04-25,317299.0
2007-04-27,2007-05-02,318468.0
2007-05-04,2007-05-09,323940.0
2007-05-11,2007-05-16,325001.0
2007-05-18,2007-05-23,326970.0
2007-05-25,2007-05-30,325014.0
2007-06-01,2007-06-06,325227.0
2007-06-08,2007-06-13,325309.0
2007-06-15,2007-06-20,332211.0
2007-06-22,2007-06-27,333773.0
2007-06-29,2007-07-04,336924.0
2007-07-06,2007-07-11,335336.0
2007-07-13,2007-07-18,334887.0
2007-07-20,2007-07-25,333784.0
2007-07-27,2007-08-01,327287.0
2007-08-03,2007-08-08,323326.0
2007-08-10,2007-08-15,318159.0
2007-08-17,2007-08-22,320049.0
2007-08-24,2007-08-29,316563.0
2007-08-31,2007-09-05,312591.0
2007-09-07,2007-09-12,305578.0
2007-09-14,2007-09-19,301704.0
2007-09-21,2007-09-26,303546.0
2007-09-28,2007-10-03,304684.0
2007-10-05,2007-10-10,302875.0
2007-10-12,2007-10-17,304659.0
2007-10-19,2007-10-24,299371.0
2007-10-26,2007-10-31,295477.0
2007-11-02,2007-11-07,294517.0
2007-11-09,2007-11-14,297331.0
2007-11-16,2007-11-21,296260.0
2007-11-23,2007-11-28,295808.0
2007-11-30,2007-12-05,287895.0
2007-12-07,2007-12-12,286806.0
2007-12-14,2007-12-19,279220.0
2007-12-21,2007-12-26,275921.0
2007-12-28,2008-01-02,271865.0
2008-01-04,2008-01-09,265361.0
2008-01-11,2008-01-16,269620.0
2008-01-18,2008-01-23,271917.0
2008-01-25,2008-01-30,275472.0
2008-02-01,2008-02-06,282340.0
2008-02-08,2008-02-13,283406.0
2008-02-15,2008-02-20,287610.0
2008-02-22,2008-02-27,290841.0
2008-02-29,2008-03-05,287785.0
2008-03-07,2008-03-12,294185.0
2008-03-14,2008-03-19,294318.0
2008-03-21,2008-03-26,294406.0
2008-03-28,2008-04-02,301723.0
2008-04-04,2008-04-09,298516.0
2008-04-11,2008-04-16,296160.0
2008-04-18,2008-04-23,298581.0
2008-04-25,2008-04-30,302429.0
2008-05-02,2008-05-07,308082.0
2008-05-09,2008-05-14,308258.0
2008-05-16,2008-05-21,302941.0
2008-05-23,2008-05-28,294058.0
2008-05-30,2008-06-04,289256.0
2008-06-06,2008-06-11,284679.0
2008-06-13,2008-06-18,283437.0
2008-06-20,2008-06-25,284240.0
2008-06-27,2008-07-02,282258.0
2008-07-04,2008-07-09,276552.0
2008-07-11,2008-07-16,279504.0
2008-07-18,2008-07-23,277946.0
2008-07-25,2008-07-30,277865.0
2008-08-01,2008-08-06,279363.0
2008-08-08,2008-08-13,279047.0
2008-08-15,2008-08-20,288437.0
2008-08-22,2008-08-27,288260.0
2008-08-29,2008-09-03,286362.0
2008-09-05,2008-09-10,280482.0
2008-09-12,2008-09-17,274154.0
2008-09-19,2008-09-24,272634.0
2008-09-26,2008-10-01,276912.0
2008-10-03,2008-10-08,285104.0
2008-10-10,2008-10-15,290715.0
2008-10-17,2008-10-22,293897.0
2008-10-24,2008-10-29,294390.0
2008-10-31,2008-11-05,294444.0
2008-11-07,2008-11-12,294394.0
2008-11-14,2008-11-19,295993.0
2008-11-21,2008-11-26,303273.0
2008-11-28,2008-12-03,302817.0
2008-12-05,2008-12-10,303169.0
2008-12-12,2008-12-17,303694.0
2008-12-19,2008-12-24,300593.0
2008-12-26,2008-12-31,301142.0
2009-01-02,2009-01-07,307236.0
2009-01-09,2009-01-14,308380.0
2009-01-16,2009-01-21,314480.0
2009-01-23,2009-01-28,320698.0
2009-01-30,2009-02-04,327868.0
2009-02-06,2009-02-11,332487.0
2009-02-13,2009-02-18,332349.0
2009-02-20,2009-02-25,333066.0
2009-02-27,2009-03-04,332309.0
2009-03-06,2009-03-11,332824.0
2009-03-13,2009-03-18,334766.0
2009-03-20,2009-03-25,338068.0
2009-03-27,2009-04-01,340912.0
2009-04-03,2009-04-08,342328.0
2009-04-10,2009-04-15,347999.0
2009-04-17,2009-04-22,351856.0
2009-04-24,2009-04-29,355909.0
2009-05-01,2009-05-06,356863.0
2009-05-08,2009-05-13,352234.0
2009-05-15,2009-05-20,350129.0
2009-05-22,2009-05-27,344716.0
2009-05-29,2009-06-03,347582.0
2009-06-05,2009-06-10,343186.0
2009-06-12,2009-06-17,339312.0
2009-06-19,2009-06-24,335444.0
2009-06-26,2009-07-01,331784.0
2009-07-03,2009-07-08,329083.0
2009-07-10,2009-07-15,326270.0
2009-07-17,2009-07-22,324474.0
2009-07-24,2009-07-29,329626.0
2009-07-31,2009-08-05,331296.0
2009-08-07,2009-08-12,333992.0
2009-08-14,2009-08-19,325595.0
2009-08-21,2009-08-26,325723.0
2009-08-28,2009-09-02,325351.0
2009-09-04,2009-09-09,319545.0
2009-09-11,2009-09-16,314816.0
2009-09-18,2009-09-23,317671.0
2009-09-25,2009-09-30,320467.0
2009-10-02,2009-10-07,319333.0
2009-10-09,2009-10-14,319667.0
2009-10-16,2009-10-21,320979.0
2009-10-23,2009-10-28,321757.0
2009-10-30,2009-11-04,317821.0
2009-11-06,2009-11-11,319609.0
2009-11-13,2009-11-18,318722.0
2009-11-20,2009-11-25,319741.0
2009-11-27,2009-12-02,321832.0
2009-12-04,2009-12-09,318037.0
2009-12-11,2009-12-16,314348.0
2009-12-18,2009-12-23,309507.0
2009-12-25,2009-12-30,307969.0
2010-01-01,2010-01-06,306626.0
2010-01-08,2010-01-13,310325.0
2010-01-15,2010-01-20,309854.0
2010-01-22,2010-01-27,305966.0
2010-01-29,2010-02-03,308283.0
2010-02-05,2010-02-10,310577.0
2010-02-12,2010-02-17,313662.0
2010-02-19,2010-02-24,316696.0
2010-02-26,2010-03-03,320730.0
2010-03-05,2010-03-10,322200.0
2010-03-12,2010-03-17,323212.0
2010-03-19,2010-03-24,330457.0
2010-03-26,2010-03-31,333386.0
2010-04-02,2010-04-07,335532.0
2010-04-09,2010-04-14,333330.0
2010-04-16,2010-04-21,335224.0
2010-04-23,2010-04-28,337187.0
2010-04-30,2010-05-05,339942.0
2010-05-07,2010-05-12,341861.0
2010-05-14,2010-05-19,342023.0
2010-05-21,2010-05-26,344483.0
2010-05-28,2010-06-02,342581.0
2010-06-04,2010-06-09,340906.0
2010-06-11,2010-06-16,342596.0
2010-06-18,2010-06-23,344613.0
2010-06-25,2010-06-30,342606.0
2010-07-02,2010-07-07,337562.0
2010-07-09,2010-07-14,332504.0
2010-07-16,2010-07-21,332864.0
2010-07-23,2010-07-28,340172.0
2010-07-30,2010-08-04,337388.0
2010-08-06,2010-08-11,334390.0
2010-08-13,2010-08-18,333572.0
2010-08-20,2010-08-25,337680.0
2010-08-27,2010-09-01,341105.0
2010-09-03,2010-09-08,339337.0
2010-09-10,2010-09-15,336848.0
2010-09-17,2010-09-22,337818.0
2010-09-24,2010-09-29,337343.0
2010-10-01,2010-10-06,340186.0
2010-10-08,2010-10-13,339770.0
2010-10-15,2010-10-20,340437.0
2010-10-22,2010-10-27,345444.0
2010-10-29,2010-11-03,347394.0
2010-11-05,2010-11-10,343849.0
2010-11-12,2010-11-17,336563.0
2010-11-19,2010-11-24,337592.0
2010-11-26,2010-12-01,338658.0
2010-12-03,2010-12-08,334524.0
2010-12-10,2010-12-15,324670.0
2010-12-17,2010-12-22,319337.0
2010-12-24,2010-12-29,318079.0
2010-12-31,2011-01-05,313918.0
2011-01-07,2011-01-12,311526.0
2011-01-14,2011-01-19,314143.0
2011-01-21,2011-01-26,318979.0
2011-01-28,2011-02-02,321573.0
2011-02-04,2011-02-09,323404.0
2011-02-11,2011-02-16,324264.0
2011-02-18,2011-02-23,325086.0
2011-02-25,2011-03-02,324722.0
2011-03-04,2011-03-09,327099.0
2011-03-11,2011-03-16,328844.0
2011-03-18,2011-03-23,330975.0
2011-03-25,2011-03-30,333920.0
2011-04-01,2011-04-06,335536.0
2011-04-08,2011-04-13,337163.0
2011-04-15,2011-04-20,334841.0
2011-04-22,2011-04-27,340997.0
2011-04-29,2011-05-04,344418.0
2011-05-06,2011-05-11,348050.0
2011-05-13,2011-05-18,348035.0
2011-05-20,2011-05-25,348651.0
2011-05-27,2011-06-01,351529.0
2011-06-03,2011-06-08,346897.0
2011-06-10,2011-06-15,343491.0
2011-06-17,2011-06-22,341780.0
2011-06-24,2011-06-29,337405.0
2011-07-01,2011-07-06,336532.0
2011-07-08,2011-07-13,333408.0
2011-07-15,2011-07-20,329681.0
2011-07-22,2011-07-27,331977.0
2011-07-29,2011-08-03,332927.0
2011-08-05,2011-08-10,327806.0
2011-08-12,2011-08-17,332039.0
2011-08-19,2011-08-24,329826.0
2011-08-26,2011-08-31,335107.0
2011-09-02,2011-09-07,331146.0
2011-09-09,2011-09-14,324442.0
2011-09-16,2011-09-21,317106.0
2011-09-23,2011-09-28,319021.0
2011-09-30,2011-10-05,314342.0
2011-10-07,2011-10-12,315575.0
2011-10-14,2011-10-19,310846.0
2011-10-21,2011-10-26,315581.0
2011-10-28,2011-11-02,317407.0
2011-11-04,2011-11-09,315819.0
2011-11-11,2011-11-16,314763.0
2011-11-18,2011-11-23,308544.0
2011-11-25,2011-11-30,312476.0
2011-12-02,2011-12-07,313625.0
2011-12-09,2011-12-14,311693.0
2011-12-16,2011-12-21,301123.0
2011-12-23,2011-12-28,305022.0
2011-12-30,2012-01-04,307231.0
2012-01-06,2012-01-11,309056.0
2012-01-13,2012-01-18,305618.0
2012-01-20,2012-01-25,309176.0
2012-01-27,2012-02-01,313351.0
2012-02-03,2012-02-08,313642.0
2012-02-10,2012-02-15,313471.0
2012-02-17,2012-02-22,315104.0
2012-02-24,2012-02-29,319264.0
2012-03-02,2012-03-07,320112.0
2012-03-09,2012-03-14,321862.0
2012-03-16,2012-03-21,320700.0
2012-03-23,2012-03-28,327802.0
2012-03-30,2012-04-04,336811.0
2012-04-06,2012-04-11,339377.0
2012-04-13,2012-04-18,343233.0
2012-04-20,2012-04-25,347211.0
2012-04-27,2012-05-02,350051.0
2012-05-04,2012-05-09,355340.0
2012-05-11,2012-05-16,357468.0
2012-05-18,2012-05-23,358351.0
2012-05-25,2012-05-30,360564.0
2012-06-01,2012-06-06,358801.0
2012-06-08,2012-06-13,358610.0
2012-06-15,2012-06-20,361471.0
2012-06-22,2012-06-27,361338.0
2012-06-29,2012-07-04,357068.0
2012-07-06,2012-07-11,352213.0
2012-07-13,2012-07-18,351404.0
2012-07-20,2012-07-25,354121.0
2012-07-27,2012-08-01,347599.0
2012-08-03,2012-08-08,343824.0
2012-08-10,2012-08-15,340125.0
2012-08-17,2012-08-22,334713.0
2012-08-24,2012-08-29,338491.0
2012-08-31,2012-09-05,331065.0
2012-09-07,2012-09-12,332474.0
2012-09-14,2012-09-19,341008.0
2012-09-21,2012-09-26,338562.0
2012-09-28,2012-10-03,338080.0
2012-10-05,2012-10-10,339592.0
2012-10-12,2012-10-17,342452.0
2012-10-19,2012-10-24,348348.0
2012-10-26,2012-10-31,346303.0
2012-11-02,2012-11-07,347850.0
2012-11-09,2012-11-14,348939.0
2012-11-16,2012-11-21,347473.0
2012-11-23,2012-11-28,347126.0
2012-11-30,2012-12-05,344769.0
2012-12-07,2012-12-12,344909.0
2012-12-14,2012-12-19,343945.0
2012-12-21,2012-12-26,343359.0
2012-12-28,2013-01-02,332239.0
2013-01-04,2013-01-09,333131.0
2013-01-11,2013-01-16,332180.0
2013-01-18,2013-01-23,334993.0
2013-01-25,2013-01-30,340940.0
2013-02-01,2013-02-06,343274.0
2013-02-08,2013-02-13,343834.0
2013-02-15,2013-02-20,347977.0
2013-02-22,2013-02-27,349107.0
2013-03-01,2013-03-06,352843.0
2013-03-08,2013-03-13,355467.0
2013-03-15,2013-03-20,354153.0
2013-03-22,2013-03-27,357409.0
2013-03-29,2013-04-03,360116.0
2013-04-05,2013-04-10,359998.0
2013-04-12,2013-04-17,358765.0
2013-04-19,2013-04-24,359712.0
2013-04-26,2013-05-01,366408.0
2013-05-03,2013-05-08,366779.0
2013-05-10,2013-05-15,366155.0
2013-05-17,2013-05-22,365817.0
2013-05-24,2013-05-29,368817.0
2013-05-31,2013-06-05,362550.0
2013-06-07,2013-06-12,365179.0
2013-06-14,2013-06-19,365492.0
2013-06-21,2013-06-26,365510.0
2013-06-28,2013-07-03,355163.0
2013-07-05,2013-07-10,345426.0
2013-07-12,2013-07-17,338524.0
2013-07-19,2013-07-24,335699.0
2013-07-26,2013-07-31,336130.0
2013-08-02,2013-08-07,334699.0
2013-08-09,2013-08-14,331887.0
2013-08-16,2013-08-21,330459.0
2013-08-23,2013-08-28,333445.0
2013-08-30,2013-09-04,331609.0
2013-09-06,2013-09-11,330991.0
2013-09-13,2013-09-18,326623.0
2013-09-20,2013-09-25,329258.0
2013-09-27,2013-10-02,334730.0
2013-10-04,2013-10-09,341474.0
2013-10-11,2013-10-16,345473.0
2013-10-18,2013-10-23,350719.0
2013-10-25,2013-10-30,354806.0
2013-11-01,2013-11-06,355995.0
2013-11-08,2013-11-13,358635.0
2013-11-15,2013-11-20,359010.0
2013-11-22,2013-11-27,361963.0
2013-11-29,2013-12-04,356378.0
2013-12-06,2013-12-11,345374.0
2013-12-13,2013-12-18,342433.0
2013-12-20,2013-12-25,337702.0
2013-12-27,2014-01-01,330695.0
2014-01-03,2014-01-08,326737.0
2014-01-10,2014-01-15,319079.0
2014-01-17,2014-01-22,320069.0
2014-01-24,2014-01-29,326490.0
2014-01-31,2014-02-05,326930.0
2014-02-07,2014-02-12,329983.0
2014-02-14,2014-02-19,330956.0
2014-02-21,2014-02-26,331024.0
2014-02-28,2014-03-05,332453.0
2014-03-07,2014-03-12,338333.0
2014-03-14,2014-03-19,344183.0
2014-03-21,2014-03-26,350802.0
2014-03-28,2014-04-02,348423.0
2014-04-04,2014-04-09,352341.0
2014-04-11,2014-04-16,362354.0
2014-04-18,2014-04-23,365878.0
2014-04-25,2014-04-30,367576.0
2014-05-02,2014-05-07,366004.0
2014-05-09,2014-05-14,366951.0
2014-05-16,2014-05-21,359725.0
2014-05-23,2014-05-28,361382.0
2014-05-30,2014-06-04,357951.0
2014-06-06,2014-06-11,355221.0
2014-06-13,2014-06-18,354642.0
2014-06-20,2014-06-25,356384.0
2014-06-27,2014-07-02,353229.0
2014-07-04,2014-07-09,350822.0
2014-07-11,2014-07-16,343297.0
2014-07-18,2014-07-23,339328.0
2014-07-25,2014-07-30,335631.0
2014-08-01,2014-08-06,334167.0
2014-08-08,2014-08-13,335568.0
2014-08-15,2014-08-20,331094.0
2014-08-22,2014-08-27,329024.0
2014-08-29,2014-09-03,328119.0
2014-09-05,2014-09-10,327428.0
2014-09-12,2014-09-17,331101.0
2014-09-19,2014-09-24,326828.0
2014-09-26,2014-10-01,325465.0
2014-10-03,2014-10-08,330380.0
2014-10-10,2014-10-15,339303.0
2014-10-17,2014-10-22,346414.0
2014-10-24,2014-10-29,348475.0
2014-10-31,2014-11-05,348935.0
2014-11-07,2014-11-12,346150.0
2014-11-14,2014-11-19,348758.0
2014-11-21,2014-11-26,350704.0
2014-11-28,2014-12-03,347015.0
2014-12-05,2014-12-10,348313.0
2014-12-12,2014-12-17,347466.0
2014-12-19,2014-12-24,354733.0
2014-12-26,2014-12-31,352979.0
2015-01-02,2015-01-07,348806.0
2015-01-09,2015-01-14,354195.0
2015-01-16,2015-01-21,364266.0
2015-01-23,2015-01-28,373140.0
2015-01-30,2015-02-04,379473.0
2015-02-06,2015-02-11,383800.0
2015-02-13,2015-02-18,391516.0
2015-02-20,2015-02-25,399943.0
2015-02-27,2015-03-04,410246.0
2015-03-06,2015-03-11,415425.0
2015-03-13,2015-03-18,425047.0
2015-03-20,2015-03-25,433217.0
2015-03-27,2015-04-01,437983.0
2015-04-03,2015-04-08,449662.0
2015-04-10,2015-04-15,450956.0
2015-04-17,2015-04-22,456271.0
2015-04-24,2015-04-29,458181.0
2015-05-01,2015-05-06,454079.0
2015-05-08,2015-05-13,451888.0
2015-05-15,2015-05-20,449214.0
2015-05-22,2015-05-27,446412.0
2015-05-29,2015-06-03,444464.0
2015-06-05,2015-06-10,438447.0
2015-06-12,2015-06-17,435771.0
2015-06-19,2015-06-24,430837.0
2015-06-26,2015-07-01,433223.0
2015-07-03,2015-07-08,433714.0
2015-07-10,2015-07-15,429368.0
2015-07-17,2015-07-22,431836.0
2015-07-24,2015-07-29,427633.0
2015-07-31,2015-08-05,423226.0
2015-08-07,2015-08-12,421822.0
2015-08-14,2015-08-19,424442.0
2015-08-21,2015-08-26,418990.0
2015-08-28,2015-09-02,423657.0
2015-09-04,2015-09-09,426062.0
2015-09-11,2015-09-16,423958.0
2015-09-18,2015-09-23,422033.0
2015-09-25,2015-09-30,425988.0
2015-10-02,2015-10-07,429028.0
2015-10-09,2015-10-14,436590.0
2015-10-16,2015-10-21,444618.0
2015-10-23,2015-10-28,447994.0
2015-10-30,2015-11-04,450841.0
2015-11-06,2015-11-11,454822.0
2015-11-13,2015-11-18,455074.0
2015-11-20,2015-11-25,456035.0
2015-11-27,2015-12-02,457212.0
2015-12-04,2015-12-09,453553.0
2015-12-11,2015-12-16,458354.0
2015-12-18,2015-12-23,452477.0
2015-12-25,2015-12-30,455106.0
2016-01-01,2016-01-06,450956.0
2016-01-08,2016-01-13,451190.0
2016-01-15,2016-01-20,455169.0
2016-01-22,2016-01-27,463552.0
2016-01-29,2016-02-03,471344.0
2016-02-05,2016-02-10,470676.0
2016-02-12,2016-02-17,472823.0
2016-02-19,2016-02-24,476325.0
2016-02-26,2016-03-02,486699.0
2016-03-04,2016-03-09,490843.0
2016-03-11,2016-03-16,492160.0
2016-03-18,2016-03-23,501517.0
2016-03-25,2016-03-30,503816.0
2016-04-01,2016-04-06,498598.0
2016-04-08,2016-04-13,505232.0
2016-04-15,2016-04-20,507312.0
2016-04-22,2016-04-27,509311.0
2016-04-29,2016-05-04,512095.0
2016-05-06,2016-05-11,508487.0
2016-05-13,2016-05-18,509797.0
2016-05-20,2016-05-25,505571.0
2016-05-27,2016-06-01,504205.0
2016-06-03,2016-06-08,501844.0
2016-06-10,2016-06-15,500911.0
2016-06-17,2016-06-22,499994.0
2016-06-24,2016-06-29,495941.0
2016-07-01,2016-07-06,493718.0
2016-07-08,2016-07-13,491172.0
2016-07-15,2016-07-20,488830.0
2016-07-22,2016-07-27,490501.0
2016-07-29,2016-08-03,491914.0
2016-08-05,2016-08-10,492969.0
2016-08-12,2016-08-17,490461.0
2016-08-19,2016-08-24,492962.0
2016-08-26,2016-08-31,495238.0
2016-09-02,2016-09-07,480725.0
2016-09-09,2016-09-14,480166.0
2016-09-16,2016-09-21,473966.0
2016-09-23,2016-09-28,472084.0
2016-09-30,2016-10-05,469108.0
2016-10-07,2016-10-12,473958.0
2016-10-14,2016-10-19,468711.0
2016-10-21,2016-10-26,468158.0
2016-10-28,2016-11-02,482578.0
2016-11-04,2016-11-09,485010.0
2016-11-11,2016-11-16,490284.0
2016-11-18,2016-11-23,489029.0
2016-11-25,2016-11-30,488145.0
2016-12-02,2016-12-07,485756.0
2016-12-09,2016-12-14,483193.0
2016-12-16,2016-12-21,485449.0
2016-12-23,2016-12-28,486063.0
2016-12-30,2017-01-04,479012.0
2017-01-06,2017-01-11,483109.0
2017-01-13,2017-01-18,485456.0
2017-01-20,2017-01-25,488296.0
2017-01-27,2017-02-01,494762.0
2017-02-03,2017-02-08,508592.0
2017-02-10,2017-02-15,518119.0
2017-02-17,2017-02-22,518683.0
2017-02-24,2017-03-01,520184.0
2017-03-03,2017-03-08,528393.0
2017-03-10,2017-03-15,528156.0
2017-03-17,2017-03-22,533110.0
2017-03-24,2017-03-29,533977.0
2017-03-31,2017-04-05,535543.0
2017-04-07,2017-04-12,533377.0
2017-04-14,2017-04-19,532343.0
2017-04-21,2017-04-26,528702.0
2017-04-28,2017-05-03,527772.0
2017-05-05,2017-05-10,522525.0
2017-05-12,2017-05-17,520772.0
2017-05-19,2017-05-24,516340.0
2017-05-26,2017-05-31,509912.0
2017-06-02,2017-06-07,513207.0
2017-06-09,2017-06-14,511546.0
2017-06-16,2017-06-21,509095.0
2017-06-23,2017-06-28,509213.0
2017-06-30,2017-07-05,502914.0
2017-07-07,2017-07-12,495350.0
2017-07-14,2017-07-19,490623.0
2017-07-21,2017-07-26,483415.0
2017-07-28,2017-08-02,481888.0
2017-08-04,2017-08-09,475437.0
2017-08-11,2017-08-16,466492.0
2017-08-18,2017-08-23,463165.0
2017-08-25,2017-08-30,457773.0
2017-09-01,2017-09-06,462353.0
2017-09-08,2017-09-13,468241.0
2017-09-15,2017-09-20,472832.0
2017-09-22,2017-09-27,470986.0
2017-09-29,2017-10-04,464963.0
2017-10-06,2017-10-11,462216.0
2017-10-13,2017-10-18,456485.0
2017-10-20,2017-10-25,457341.0
2017-10-27,2017-11-01,454906.0
2017-11-03,2017-11-08,457143.0
2017-11-10,2017-11-15,458997.0
2017-11-17,2017-11-22,457142.0
2017-11-24,2017-11-29,453713.0
2017-12-01,2017-12-06,448103.0
2017-12-08,2017-12-13,442986.0
2017-12-15,2017-12-20,436491.0
2017-12-22,2017-12-27,431882.0
2017-12-29,2018-01-03,424463.0
2018-01-05,2018-01-10,419515.0
2018-01-12,2018-01-17,412654.0
2018-01-19,2018-01-24,411583.0
2018-01-26,2018-01-31,418359.0
2018-02-02,2018-02-07,420254.0
2018-02-09,2018-02-14,422095.0
2018-02-16,2018-02-21,420479.0
2018-02-23,2018-02-28,423498.0
2018-03-02,2018-03-07,425906.0
2018-03-09,2018-03-14,430928.0
2018-03-16,2018-03-21,428306.0
2018-03-23,2018-03-28,429949.0
2018-03-30,2018-04-04,425332.0
2018-04-06,2018-04-11,428638.0
2018-04-13,2018-04-18,427567.0
2018-04-20,2018-04-25,429737.0
2018-04-27,2018-05-02,435955.0
2018-05-04,2018-05-09,433758.0
2018-05-11,2018-05-16,432354.0
2018-05-18,2018-05-23,438132.0
2018-05-25,2018-05-30,434512.0
2018-06-01,2018-06-06,436584.0
2018-06-08,2018-06-13,432441.0
2018-06-15,2018-06-20,426527.0
2018-06-22,2018-06-27,416636.0
2018-06-29,2018-07-04,417881.0
2018-07-06,2018-07-11,405248.0
2018-07-13,2018-07-18,411084.0
2018-07-20,2018-07-25,404937.0
2018-07-27,2018-08-01,408740.0
2018-08-03,2018-08-08,407389.0
2018-08-10,2018-08-15,414194.0
2018-08-17,2018-08-22,408358.0
2018-08-24,2018-08-29,405792.0
2018-08-31,2018-09-05,401490.0
2018-09-07,2018-09-12,396194.0
2018-09-14,2018-09-19,394137.0
2018-09-21,2018-09-26,395989.0
2018-09-28,2018-10-03,403964.0
2018-10-05,2018-10-10,409951.0
2018-10-12,2018-10-17,416441.0
2018-10-19,2018-10-24,422787.0
2018-10-26,2018-10-31,426004.0
2018-11-02,2018-11-07,431787.0
2018-11-09,2018-11-14,442057.0
2018-11-16,2018-11-21,446908.0
2018-11-23,2018-11-28,450485.0
2018-11-30,2018-12-05,443162.0
2018-12-07,2018-12-12,441954.0
2018-12-14,2018-12-19,441457.0
2018-12-21,2018-12-26,441411.0
2018-12-28,2019-01-02,441418.0
2019-01-04,2019-01-09,439738.0
2019-01-11,2019-01-16,437055.0
2019-01-18,2019-01-23,445025.0
2019-01-25,2019-01-30,445944.0
2019-02-01,2019-02-06,447207.0
2019-02-08,2019-02-13,450840.0
2019-02-15,2019-02-20,454512.0
2019-02-22,2019-02-27,445865.0
2019-03-01,2019-03-06,452934.0
2019-03-08,2019-03-13,449072.0
2019-03-15,2019-03-20,439483.0
2019-03-22,2019-03-27,442283.0
2019-03-29,2019-04-03,449521.0
2019-04-05,2019-04-10,456550.0
2019-04-12,2019-04-17,455154.0
2019-04-19,2019-04-24,460633.0
2019-04-26,2019-05-01,470567.0
2019-05-03,2019-05-08,466604.0
2019-05-10,2019-05-15,472035.0
2019-05-17,2019-05-22,476775.0
2019-05-24,2019-05-29,476493.0
2019-05-31,2019-06-05,483264.0
2019-06-07,2019-06-12,485470.0
2019-06-14,2019-06-19,482364.0
2019-06-21,2019-06-26,469576.0
2019-06-28,2019-07-03,468491.0
2019-07-05,2019-07-10,458992.0
2019-07-12,2019-07-17,455876.0
2019-07-19,2019-07-24,445041.0
2019-07-26,2019-07-31,436545.0
2019-08-02,2019-08-07,438930.0
2019-08-09,2019-08-14,440510.0
2019-08-16,2019-08-21,437778.0
2019-08-23,2019-08-28,427751.0
2019-08-30,2019-09-04,422980.0
2019-09-06,2019-09-11,416068.0
2019-09-13,2019-09-18,417126.0
2019-09-20,2019-09-25,419538.0
2019-09-27,2019-10-02,422642.0
2019-10-04,2019-10-09,425569.0
2019-10-11,2019-10-16,434850.0
2019-10-18,2019-10-23,433151.0
2019-10-25,2019-10-30,438853.0
2019-11-01,2019-11-06,446782.0
2019-11-08,2019-11-13,449001.0
2019-11-15,2019-11-20,450380.0
2019-11-22,2019-11-27,451952.0
2019-11-29,2019-12-04,447096.0
2019-12-06,2019-12-11,447918.0
2019-12-13,2019-12-18,446833.0
2019-12-20,2019-12-25,441359.0
2019-12-27,2020-01-01,429896.0
2020-01-03,2020-01-08,431060.0
2020-01-10,2020-01-15,428511.0
2020-01-17,2020-01-22,428106.0
2020-01-24,2020-01-29,431654.0
2020-01-31,2020-02-05,435009.0
2020-02-07,2020-02-12,442468.0
2020-02-14,2020-02-19,442883.0
2020-02-21,2020-02-26,443335.0
2020-02-28,2020-03-04,444119.0
2020-03-06,2020-03-11,451783.0
2020-03-13,2020-03-18,453737.0
2020-03-20,2020-03-25,455360.0
2020-03-27,2020-04-01,469193.0
2020-04-03,2020-04-08,484370.0
2020-04-10,2020-04-15,503618.0
2020-04-17,2020-04-22,518640.0
2020-04-24,2020-04-29,527631.0
2020-05-01,2020-05-06,532221.0
2020-05-08,2020-05-13,531476.0
2020-05-15,2020-05-20,526494.0
2020-05-22,2020-05-27,534422.0
2020-05-29,2020-06-03,532345.0
2020-06-05,2020-06-10,538065.0
2020-06-12,2020-06-17,539280.0
2020-06-19,2020-06-24,540722.0
2020-06-26,2020-07-01,533527.0
2020-07-03,2020-07-08,539181.0
2020-07-10,2020-07-15,531688.0
2020-07-17,2020-07-22,536580.0
2020-07-24,2020-07-29,525969.0
2020-07-31,2020-08-05,518596.0
2020-08-07,2020-08-12,514084.0
2020-08-14,2020-08-19,512452.0
2020-08-21,2020-08-26,507763.0
2020-08-28,2020-09-02,498401.0
2020-09-04,2020-09-09,500434.0
2020-09-11,2020-09-16,496045.0
2020-09-18,2020-09-23,494406.0
2020-09-25,2020-09-30,492426.0
2020-10-02,2020-10-07,492927.0
2020-10-09,2020-10-14,489109.0
2020-10-16,2020-10-21,488107.0
2020-10-23,2020-10-28,492427.0
2020-10-30,2020-11-04,484429.0
2020-11-06,2020-11-11,488706.0
2020-11-13,2020-11-18,489475.0
2020-11-20,2020-11-25,488721.0
2020-11-27,2020-12-02,488042.0
2020-12-04,2020-12-09,503231.0
2020-12-11,2020-12-16,500096.0
2020-12-18,2020-12-23,499534.0
2020-12-25,2020-12-30,493469.0
2021-01-01,2021-01-06,485459.0
2021-01-08,2021-01-13,482211.0
2021-01-15,2021-01-20,486563.0
2021-01-22,2021-01-27,476653.0
2021-01-29,2021-02-03,475659.0
2021-02-05,2021-02-10,469014.0
2021-02-12,2021-02-17,461757.0
2021-02-19,2021-02-24,463042.0
2021-02-26,2021-03-03,484605.0
2021-03-05,2021-03-10,498403.0
2021-03-12,2021-03-17,500799.0
2021-03-19,2021-03-24,502711.0
2021-03-26,2021-03-31,501835.0
2021-04-02,2021-04-07,498313.0
2021-04-09,2021-04-14,492423.0
2021-04-16,2021-04-21,493017.0
2021-04-23,2021-04-28,493107.0
2021-04-30,2021-05-05,485117.0
2021-05-07,2021-05-12,484691.0
2021-05-14,2021-05-19,486011.0
2021-05-21,2021-05-26,484349.0
2021-05-28,2021-06-02,479270.0
2021-06-04,2021-06-09,474029.0
2021-06-11,2021-06-16,466674.0
2021-06-18,2021-06-23,459060.0
2021-06-25,2021-06-30,452342.0
2021-07-02,2021-07-07,445476.0
2021-07-09,2021-07-14,437580.0
2021-07-16,2021-07-21,439687.0
2021-07-23,2021-07-28,435598.0
2021-07-30,2021-08-04,439225.0
2021-08-06,2021-08-11,438777.0
2021-08-13,2021-08-18,435544.0
2021-08-20,2021-08-25,432564.0
2021-08-27,2021-09-01,425395.0
2021-09-03,2021-09-08,423867.0
2021-09-10,2021-09-15,417445.0
2021-09-17,2021-09-22,413964.0
2021-09-24,2021-09-29,418542.0
2021-10-01,2021-10-06,420887.0
2021-10-08,2021-10-13,426975.0
2021-10-15,2021-10-20,426544.0
2021-10-22,2021-10-27,430812.0
2021-10-29,2021-11-03,434102.0
2021-11-05,2021-11-10,435104.0
2021-11-12,2021-11-17,433003.0
2021-11-19,2021-11-24,434020.0
2021-11-26,2021-12-01,433111.0
2021-12-03,2021-12-08,432870.0
2021-12-10,2021-12-15,428286.0
2021-12-17,2021-12-22,423571.0
2021-12-24,2021-12-29,419995.0
2021-12-31,2022-01-05,417851.0
2022-01-07,2022-01-12,413298.0
2022-01-14,2022-01-19,413813.0
2022-01-21,2022-01-26,416190.0
2022-01-28,2022-02-02,415143.0
2022-02-04,2022-02-09,410387.0
2022-02-11,2022-02-16,411508.0
2022-02-18,2022-02-23,416022.0
2022-02-25,2022-03-02,413425.0
2022-03-04,2022-03-09,411562.0
2022-03-11,2022-03-16,415907.0
2022-03-18,2022-03-23,413399.0
2022-03-25,2022-03-30,409950.0
2022-04-01,2022-04-06,412371.0
2022-04-08,2022-04-13,421753.0
2022-04-15,2022-04-20,413733.0
2022-04-22,2022-04-27,414424.0
2022-04-29,2022-05-04,415727.0
2022-05-06,2022-05-11,424214.0
2022-05-13,2022-05-18,420820.0
2022-05-20,2022-05-25,419801.0
2022-05-27,2022-06-01,414733.0
2022-06-03,2022-06-08,416758.0
2022-06-10,2022-06-15,418714.0
2022-06-17,2022-06-22,418328.0
2022-06-24,2022-06-29,415566.0
2022-07-01,2022-07-06,423800.0
2022-07-08,2022-07-13,427054.0
2022-07-15,2022-07-20,426609.0
2022-07-22,2022-07-27,422086.0
2022-07-29,2022-08-03,426553.0
2022-08-05,2022-08-10,432010.0
2022-08-12,2022-08-17,424954.0
2022-08-19,2022-08-24,421672.0
2022-08-26,2022-08-31,418346.0
2022-09-02,2022-09-07,427191.0
2022-09-09,2022-09-14,429633.0
2022-09-16,2022-09-21,430774.0
2022-09-23,2022-09-28,430559.0
2022-09-30,2022-10-05,429203.0
2022-10-07,2022-10-12,439082.0
2022-10-14,2022-10-19,437357.0
2022-10-21,2022-10-26,439945.0
2022-10-28,2022-11-02,436830.0
2022-11-04,2022-11-09,440755.0
2022-11-11,2022-11-16,435355.0
2022-11-18,2022-11-23,431665.0
2022-11-25,2022-11-30,419084.0
2022-12-02,2022-12-07,413898.0
2022-12-09,2022-12-14,424129.0
2022-12-16,2022-12-21,418234.0
2022-12-23,2022-12-28,418952.0
2022-12-30,2023-01-04,420646.0
2023-01-06,2023-01-11,439607.0
2023-01-13,2023-01-18,448015.0
2023-01-20,2023-01-25,448548.0
2023-01-27,2023-02-01,452688.0
2023-02-03,2023-02-08,455111.0
2023-02-10,2023-02-15,471394.0
2023-02-17,2023-02-22,479041.0
2023-02-24,2023-03-01,480207.0
2023-03-03,2023-03-08,478513.0
2023-03-10,2023-03-15,480063.0
2023-03-17,2023-03-22,481180.0
2023-03-24,2023-03-29,473691.0
2023-03-31,2023-04-05,469952.0
2023-04-07,2023-04-12,470549.0
2023-04-14,2023-04-19,465968.0
2023-04-21,2023-04-26,460914.0
2023-04-28,2023-05-03,459633.0
2023-05-05,2023-05-10,462584.0
2023-05-12,2023-05-17,467624.0
2023-05-19,2023-05-24,455168.0
2023-05-26,2023-05-31,459657.0
2023-06-02,2023-06-07,459205.0
2023-06-09,2023-06-14,467124.0
2023-06-16,2023-06-21,463293.0
2023-06-23,2023-06-28,453690.0
2023-06-30,2023-07-05,452182.0
2023-07-07,2023-07-12,458128.0
2023-07-14,2023-07-19,457420.0
2023-07-21,2023-07-26,456820.0
2023-07-28,2023-08-02,439771.0
2023-08-04,2023-08-09,445622.0
2023-08-11,2023-08-16,439662.0
2023-08-18,2023-08-23,433528.0
2023-08-25,2023-08-30,422944.0
2023-09-01,2023-09-06,416637.0
2023-09-08,2023-09-13,420592.0
2023-09-15,2023-09-20,418456.0
2023-09-22,2023-09-27,416287.0
2023-09-29,2023-10-04,414063.0
2023-10-06,2023-10-11,424239.0
2023-10-13,2023-10-18,419748.0
2023-10-20,2023-10-25,421120.0
2023-10-27,2023-11-01,421893.0
2023-11-03,2023-11-08,435762.0
2023-11-10,2023-11-15,439354.0
2023-11-17,2023-11-22,448054.0
2023-11-24,2023-11-29,449664.0
2023-12-01,2023-12-06,445031.0
2023-12-08,2023-12-13,440773.0
2023-12-15,2023-12-20,443682.0
2023-12-22,2023-12-27,436568.0
2023-12-29,2024-01-03,431065.0
2024-01-05,2024-01-10,432403.0
2024-01-12,2024-01-17,429911.0
2024-01-19,2024-01-24,420678.0
2024-01-26,2024-01-31,421912.0
2024-02-02,2024-02-07,427432.0
2024-02-09,2024-02-14,439450.0
2024-02-16,2024-02-21,442964.0
2024-02-23,2024-02-28,447163.0
2024-03-01,2024-03-06,448530.0
2024-03-08,2024-03-13,446994.0
2024-03-15,2024-03-20,445042.0
2024-03-22,2024-03-27,448207.0
2024-03-29,2024-04-03,451417.0
2024-04-05,2024-04-10,457258.0
2024-04-12,2024-04-17,459993.0
2024-04-19,2024-04-24,453625.0
2024-04-26,2024-05-01,460890.0
2024-05-03,2024-05-08,459528.0
2024-05-10,2024-05-15,457020.0
2024-05-17,2024-05-22,458845.0
2024-05-24,2024-05-29,454689.0
2024-05-31,2024-06-05,455922.0
2024-06-07,2024-06-12,459652.0
2024-06-14,2024-06-19,457105.0
2024-06-21,2024-06-26,460696.0
2024-06-28,2024-07-03,448539.0
2024-07-05,2024-07-10,445096.0
2024-07-12,2024-07-17,440226.0
2024-07-19,2024-07-24,436485.0
2024-07-26,2024-07-31,433049.0
2024-08-02,2024-08-07,429321.0
2024-08-09,2024-08-14,430678.0
2024-08-16,2024-08-21,426029.0
2024-08-23,2024-08-28,425183.0
2024-08-30,2024-09-04,418310.0
2024-09-06,2024-09-11,419143.0
2024-09-13,2024-09-18,417513.0
2024-09-20,2024-09-25,413042.0
2024-09-27,2024-10-02,416931.0
2024-10-04,2024-10-09,422741.0
2024-10-11,2024-10-16,420550.0
2024-10-18,2024-10-23,426024.0
2024-10-25,2024-10-30,425509.0
2024-11-01,2024-11-06,427658.0
2024-11-08,2024-11-13,429747.0
2024-11-15,2024-11-20,430292.0
2024-11-22,2024-11-27,428448.0
2024-11-29,2024-12-04,423375.0
2024-12-06,2024-12-11,421950.0
2024-12-13,2024-12-18,421016.0
2024-12-20,2024-12-25,416779.0
2024-12-27,2025-01-01,415601.0
2025-01-03,2025-01-08,414642.0
2025-01-10,2025-01-15,412680.0
2025-01-17,2025-01-22,411663.0
2025-01-24,2025-01-29,415126.0
2025-01-31,2025-02-05,423790.0
2025-02-07,2025-02-12,427860.0
2025-02-14,2025-02-19,432493.0
2025-02-21,2025-02-26,430161.0
2025-02-28,2025-03-05,433775.0
2025-03-07,2025-03-12,435223.0
2025-03-14,2025-03-19,436968.0
2025-03-21,2025-03-26,433627.0
2025-03-28,2025-04-02,439792.0
2025-04-04,2025-04-09,442345.0
2025-04-11,2025-04-16,442860.0
2025-04-18,2025-04-23,443104.0
2025-04-25,2025-04-30,440408.0
2025-05-02,2025-05-07,438376.0
2025-05-09,2025-05-14,441830.0
2025-05-16,2025-05-21,443158.0
2025-05-23,2025-05-28,440363.0
2025-05-30,2025-06-04,436059.0
2025-06-06,2025-06-11,432415.0
2025-06-13,2025-06-18,420942.0
2025-06-20,2025-06-25,415106.0
2025-06-27,2025-07-02,418951.0
2025-07-04,2025-07-09,426021.0
2025-07-11,2025-07-16,422162.0
2025-07-18,2025-07-23,418993.0
2025-07-25,2025-07-30,426691.0
2025-08-01,2025-08-06,423662.0
2025-08-08,2025-08-13,426698.0
2025-08-15,2025-08-20,420684.0
2025-08-22,2025-08-27,418292.0
2025-08-29,2025-09-03,420707.0
2025-09-05,2025-09-10,424646.0
2025-09-12,2025-09-17,415361.0
2025-09-19,2025-09-24,414754.0
2025-09-26,2025-10-01,416546.0
2025-10-03,2025-10-08,420261.0
2025-10-10,2025-10-15,423785.0
2025-10-17,2025-10-22,422824.0
2025-10-24,2025-10-29,415966.0
2025-10-31,2025-11-05,421168.0
2025-11-07,2025-11-12,427581.0
2025-11-14,2025-11-19,424155.0
2025-11-21,2025-11-26,426929.0
2025-11-28,2025-12-03,427503.0
2025-12-05,2025-12-10,425691.0
2025-12-12,2025-12-17,424417.0
2025-12-19,2025-12-24,424822.0
2025-12-26,2025-12-31,422888.0
2026-01-02,2026-01-07,419056.0
2026-01-09,2026-01-14,422447.0
2026-01-16,2026-01-21,426049.0
2026-01-23,2026-01-28,423754.0
2026-01-30,2026-02-04,420299.0
2026-02-06,2026-02-11,428829.0
2026-02-13,2026-02-18,419815.0
2026-02-20,2026-02-25,435804.0
2026-02-27,2026-03-04,439279.0
2026-03-06,2026-03-11,443103.0
2026-03-13,2026-03-18,449259.0
2026-03-20,2026-03-25,456185.0
2026-03-27,2026-04-01,461636.0
2026-04-03,2026-04-08,464717.0
2026-04-10,2026-04-15,463804.0
2026-04-17,2026-04-22,465729.0
2026-04-24,2026-04-29,459495.0
2026-05-01,2026-05-06,457182.0
2026-05-08,2026-05-13,452876.0
2026-05-15,2026-05-20,445013.0
2026-05-22,2026-05-27,441686.0
2026-05-29,2026-06-03,433712.0
2026-06-05,2026-06-10,426485.0
2026-06-12,2026-06-17,418222.0
2026-06-19,2026-06-24,412134.0
2026-06-26,2026-07-01,408359.0
2026-07-03,2026-07-08,411357.0
2026-07-10,2026-07-15,409665.0
2026-07-17,2026-07-22,411675.0
2026-07-24,2026-07-29,404508.0
2026-07-31,2026-08-05,406987.0
2026-08-07,2026-08-12,424410.0
2026-08-14,2026-08-19,428815.0
